obsTime,yubara_stg,yubara_chg10m,tsukiyono_stg,kosode_stg,yujuku_stg,fujiwara_disch,fujiwara_inflow,fujiwara_stor_rate,fujiwara_stor_cap,fujiwara_stor_lvl,naramata_disch,naramata_stor_rate,yagisawa_disch,yagisawa_stor_rate,aimata_disch,aimata_stor_rate,yubara_rn10m,yubara_rn_inc
2026/09/01 00:00,2.47,0,3.22,0.62,1.04,24.87,32.19,100,13384,637.9,0,97.9,0,98.7,7.34,95.2,0,2
2026/09/01 00:10,2.47,0,3.2,0.62,1.04,24.89,32.99,100,13379,637.9,0,97.9,0,98.7,5.28,95.1,0,2
2026/09/01 00:20,2.47,0,3.17,0.62,1.04,24.9,31.01,100,13374,637.89,0,97.9,0,98.7,5.27,95.1,0,2
2026/09/01 00:30,2.47,0,3.17,0.62,1.04,24.91,22.06,100,13364,637.88,0,97.9,0,98.7,5.26,95.1,0,2
2026/09/01 00:40,2.47,0,3.17,0.62,1.04,24.92,20.97,100,13359,637.88,0,97.9,0,98.7,5.26,95.1,0,2
2026/09/01 00:50,2.47,0,3.16,0.62,1.04,24.93,20.33,100,13354,637.88,0,97.9,0,98.7,5.26,95.1,0,2
2026/09/01 01:00,2.47,0,3.17,0.62,1.04,24.95,20.31,100,13350,637.87,0,97.9,0,98.7,5.26,95.1,0,2
2026/09/01 01:10,2.47,0,3.17,0.61,1.04,24.96,19.63,100,13346,637.87,0,97.9,0,98.7,5.27,95.1,0,2
2026/09/01 01:20,2.47,0,3.17,0.6,1.04,26.4,21.38,100,13342,637.86,0,97.9,0,98.7,5.26,95.1,0,2
2026/09/01 01:30,2.47,0,3.2,0.59,1.04,26.42,22.04,100,13337,637.86,0,97.9,0,98.7,5.27,95.1,0,2
2026/09/01 01:40,2.47,0,3.21,0.58,1.04,25,21.43,100,13323,637.85,0,97.9,0,98.7,5.25,95.1,0,2
2026/09/01 01:50,2.47,0,3.22,0.58,1.04,25.01,20.79,100,13313,637.84,0,97.9,0,98.7,5.26,95.1,0,2
2026/09/01 02:00,2.47,0,3.22,0.58,1.04,25.02,20.15,100,13309,637.83,0,97.9,0,98.7,5.26,95.1,0,2
2026/09/01 02:10,2.47,0,3.19,0.57,1.04,25.04,20.06,100,13305,637.83,0,97.9,0,98.7,5.26,95.1,0,2
2026/09/01 02:20,2.47,0,3.16,0.57,1.04,25.05,20.1,100,13295,637.82,0,97.9,0,98.7,5.27,95.1,0,2
2026/09/01 02:30,2.47,0,3.17,0.57,1.04,25.06,20.59,100,13291,637.82,0,97.9,0,98.7,5.25,95.1,0,2
2026/09/01 02:40,2.47,0,3.17,0.57,1.04,25.07,20.64,100,13287,637.81,0,97.9,0,98.7,5.27,95.1,0,2
2026/09/01 02:50,2.47,0,3.17,0.57,1.04,25.08,20.06,100,13283,637.81,0,97.9,0,98.7,5.26,95.1,0,2
2026/09/01 03:00,2.47,0,3.17,0.57,1.04,25.1,20.07,100,13273,637.8,0,97.9,0,98.7,5.26,95.1,0,2
2026/09/01 03:10,2.47,0,3.16,0.57,1.04,25.11,20.11,100,13269,637.8,0,97.9,0,98.7,5.26,95.1,0,2
2026/09/01 03:20,2.47,0,3.17,0.57,1.04,25.12,20.13,100,13264,637.79,0,97.9,0,98.7,5.25,95.1,0,2
2026/09/01 03:30,2.47,0,3.16,0.57,1.04,25.14,20.11,100,13250,637.78,0,98,0,98.7,5.27,95.1,0,2
2026/09/01 03:40,2.47,0,3.16,0.57,1.04,25.15,19.4,100,13241,637.77,0,98,0,98.7,5.26,95.1,0,2
2026/09/01 03:50,2.47,0,3.16,0.57,1.04,25.16,19.42,100,13236,637.77,0,98,0,98.7,5.27,95.1,0,2
2026/09/01 04:00,2.47,0,3.17,0.57,1.04,25.17,19.86,100,13232,637.76,0,98,0,98.7,5.26,95.1,0,2
2026/09/01 04:10,2.47,0,3.17,0.57,1.04,25.19,20.48,100,13223,637.76,0,98,0,98.7,5.26,95.1,0,2
2026/09/01 04:20,2.47,0,3.17,0.57,1.04,25.2,20.01,100,13220,637.75,0,98,0,98.7,5.26,95.1,0,2
2026/09/01 04:30,2.47,0,3.21,0.57,1.04,25.21,20.24,100,13217,637.75,0,98,0,98.7,5.26,95.1,0,2
2026/09/01 04:40,2.47,0,3.21,0.57,1.04,25.22,19.98,100,13208,637.74,0,98,0,98.7,5.27,95.1,0,2
2026/09/01 04:50,2.47,0,3.21,0.57,1.04,25.23,20.68,100,13206,637.74,0,98,0,98.7,5.26,95.1,0,2
2026/09/01 05:00,2.46,-0.01,3.19,0.57,1.04,25.25,20.15,100,13193,637.73,0,98,0,98.7,5.27,95.1,0,2
2026/09/01 05:10,2.46,0,3.17,0.57,1.04,25.26,20.1,100,13190,637.73,0,98,0,98.7,5.26,95.1,0,2
2026/09/01 05:20,2.47,0.01,3.17,0.57,1.04,25.28,20.05,100,13187,637.72,0,98,0,98.7,5.27,95.1,0,2
2026/09/01 05:30,2.47,0,3.16,0.57,1.04,25.29,20.05,100,13178,637.72,0,98,0,98.7,5.26,95.1,0,2
2026/09/01 05:40,2.47,0,3.16,0.57,1.04,25.3,20.04,100,13176,637.71,0,98,0,98.7,5.26,95.1,0,2
2026/09/01 05:50,2.47,0,3.16,0.57,1.04,25.31,20.58,100,13173,637.71,0,98,0,98.7,5.27,95.1,0,2
2026/09/01 06:00,2.46,-0.01,3.16,0.57,1.04,25.32,20.04,100,13164,637.7,0,98,0,98.6,5.26,95.1,0,2
2026/09/01 06:10,2.46,0,3.16,0.56,1.03,24.16,20.64,100,13161,637.7,0,98,0,98.7,5.28,95.1,0,2
2026/09/01 06:20,2.46,0,3.16,0.56,1.04,25.35,20.59,100,13153,637.69,0,98,0,98.7,5.26,95.1,0,2
2026/09/01 06:30,2.46,0,3.17,0.56,1.04,25.35,22.08,100,13143,637.68,0,98,0,98.7,5.27,95.1,0,2
2026/09/01 06:40,2.46,0,3.16,0.57,1.03,25.35,23.7,100,13143,637.68,0,98,0,98.7,5.26,95.1,0,2
2026/09/01 06:50,2.46,0,3.16,0.56,1.04,24.17,24.87,100,13143,637.68,0,98,0,98.6,5.26,95.1,0,2
2026/09/01 07:00,2.46,0,3.16,0.56,1.03,25.35,25.39,100,13143,637.68,0,98,0,98.7,5.27,95.1,0,2
2026/09/01 07:10,2.46,0,3.17,0.56,1.04,25.35,25.06,100,13143,637.68,0,98,0,98.7,5.26,95.1,0,0
2026/09/01 07:20,2.46,0,3.17,0.57,1.04,25.35,25.04,100,13143,637.68,0,98,0,98.7,5.28,95.1,0,0
2026/09/01 07:30,2.46,0,3.16,0.57,1.04,25.36,21.19,100,13133,637.68,0,98,0,98.7,5.26,95.1,0,0
2026/09/01 07:40,2.46,0,3.17,0.57,1.04,24.18,19.62,100,13133,637.68,0,98,0,98.6,5.27,95.1,0,0
2026/09/01 07:50,2.46,0,3.16,0.57,1.03,24.18,19.57,100,13133,637.68,0,98,0,98.6,5.26,95.1,0,0
2026/09/01 08:00,2.45,-0.01,3.18,0.56,1.03,25.36,23.46,100,13133,637.68,0,98,0,98.7,5.26,95.1,0,0
2026/09/01 08:10,2.45,0,3.21,0.57,1.03,25.36,25.09,100,13133,637.68,0,98.1,0,98.6,5.26,95.1,0,0
2026/09/01 08:20,2.45,0,3.21,0.56,1.04,25.36,25.17,100,13133,637.68,0,98.1,0,98.6,5.26,95.1,0,0
2026/09/01 08:30,2.45,0,3.19,0.57,1.03,25.36,25.16,100,13133,637.68,0,98.1,0,98.6,5.27,95.1,0,0
2026/09/01 08:40,2.45,0,3.17,0.56,1.03,25.36,25.19,100,13133,637.68,0,98.1,0,98.6,5.26,95.1,0,0
2026/09/01 08:50,2.46,0.01,3.16,0.57,1.03,25.36,25.1,100,13133,637.68,0,98.1,0,98.6,5.27,95.1,0,0
2026/09/01 09:00,2.46,0,3.16,0.57,1.03,25.36,24.58,100,13123,637.67,0,98.1,0,98.7,5.26,95.1,0,0
2026/09/01 09:10,2.46,0,3.16,0.57,1.04,25.36,19.54,100,13123,637.67,0,98.1,0,98.6,5.26,95.1,0,0
2026/09/01 09:20,2.46,0,3.15,0.57,1.04,25.36,19.53,100,13123,637.67,0,98.1,0,98.6,5.26,95.1,0,0
2026/09/01 09:30,2.45,-0.01,3.15,0.57,1.04,25.36,20.05,100,13123,637.67,0,98.1,0,98.6,5.26,95.1,0,0
2026/09/01 09:40,2.45,0,3.15,0.57,1.03,25.36,25.03,100,13123,637.67,0,98.1,0,98.6,5.27,95.1,0,0
2026/09/01 09:50,2.45,0,3.16,0.57,1.04,25.36,25.06,100,13123,637.67,0,98.1,0,98.6,5.25,95.1,0,0
2026/09/01 10:00,2.45,0,3.15,0.57,1.04,25.36,25,100,13123,637.67,0,98.1,0,98.6,5.27,95.1,0,0
2026/09/01 10:10,2.45,0,3.16,0.57,1.04,25.36,25.02,100,13123,637.67,0,98.1,0,98.6,5.27,95.1,0,0
2026/09/01 10:20,2.45,0,3.15,0.57,1.04,24.18,25.05,100,13123,637.67,0,98.1,0,98.6,5.27,95.1,0,0
2026/09/01 10:30,2.45,0,3.15,0.57,1.03,25.36,21.24,100,13113,637.66,0,98.1,0,98.6,5.27,95.1,0,0
2026/09/01 10:40,2.45,0,3.16,0.57,1.03,25.36,19.6,100,13113,637.66,0,98.1,0,98.6,5.25,95.1,0,0
2026/09/01 10:50,2.45,0,3.15,0.57,1.04,25.36,19.56,100,13113,637.66,0,98.1,0,98.6,5.28,95.1,0,0
2026/09/01 11:00,2.45,0,3.16,0.57,1.03,25.36,23.45,100,13113,637.66,0,98.1,0,98.6,5.23,95.1,0,0
2026/09/01 11:10,2.45,0,3.15,0.57,1.03,25.36,25.12,100,13113,637.66,0,98.1,0,98.6,5.23,95.1,0,0
2026/09/01 11:20,2.45,0,3.15,0.57,1.03,25.36,25.07,100,13113,637.66,0,98.1,0,98.6,5.27,95.1,0,0
2026/09/01 11:30,2.45,0,3.15,0.57,1.03,25.36,25.17,100,13113,637.66,0,98.1,0,98.6,5.28,95.1,0,0
2026/09/01 11:40,2.45,0,3.15,0.57,1.03,25.37,21.79,100,13103,637.65,0,98.1,0,98.6,5.27,95.1,0,0
2026/09/01 11:50,2.45,0,3.15,0.57,1.03,24.19,19.52,100,13103,637.65,0,98.1,0,98.6,5.24,95.1,0,0
2026/09/01 12:00,2.45,0,3.15,0.57,1.03,25.37,19.59,100,13103,637.65,0,98.1,0,98.6,5.25,95.1,0,0
2026/09/01 12:10,2.45,0,3.15,0.57,1.03,25.37,22.85,100,13103,637.65,0,98.1,0,98.6,5.27,95.1,0,0
2026/09/01 12:20,2.45,0,3.15,0.57,1.03,24.19,25.06,100,13103,637.65,0,98.1,0,98.6,5.29,95.1,0,0
2026/09/01 12:30,2.45,0,3.15,0.57,1.03,25.37,25.08,100,13103,637.65,0,98.1,0,98.6,5.27,95.1,0,0
2026/09/01 12:40,2.44,-0.01,3.15,0.57,1.03,25.37,25.11,100,13103,637.65,0,98.1,0,98.6,5.25,95.1,0,0
2026/09/01 12:50,2.44,0,3.15,0.57,1.03,25.37,25.23,100,13103,637.65,0,98.1,0,98.6,5.27,95.1,0,0
2026/09/01 13:00,2.44,0,3.15,0.57,1.03,24.19,19.7,100,13093,637.64,0,98.1,0,98.6,5.27,95.1,0,0
2026/09/01 13:10,2.44,0,3.15,0.57,1.03,25.37,19.54,100,13093,637.64,0,98.1,0,98.6,5.28,95.1,0,0
2026/09/01 13:20,2.44,0,3.15,0.56,1.03,25.37,19.52,100,13093,637.64,0,98.1,0,98.6,5.27,95.1,0,0
2026/09/01 13:30,2.44,0,3.15,0.57,1.03,25.37,25.08,100,13093,637.64,0,98.1,0,98.6,5.28,95,0,0
2026/09/01 13:40,2.44,0,3.15,0.57,1.03,25.37,25.17,100,13093,637.64,0,98.1,0,98.6,5.27,95,0,0
2026/09/01 13:50,2.44,0,3.15,0.56,1.03,25.37,25.17,100,13093,637.64,0,98.1,0,98.6,5.28,95,0,0
2026/09/01 14:00,2.44,0,3.15,0.56,1.03,25.37,25.12,100,13083,637.63,0,98.1,0,98.6,5.27,95,0,0
2026/09/01 14:10,2.44,0,3.15,0.56,1.03,25.37,-14.22,100,13071,637.62,0,98.2,0,98.6,5.27,95,0,0
2026/09/01 14:20,2.44,0,3.16,0.56,1.03,25.36,-0.42,100,13080,637.63,0,98.2,0,98.6,5.27,95,0,0
2026/09/01 14:30,2.44,0,3.19,0.56,1.03,25.34,8.9,100,13077,637.62,0,98.2,0,98.6,5.27,95,0,0
2026/09/01 14:40,2.44,0,3.19,0.56,1.03,24.15,20.59,100,13085,637.63,0,98.2,0,98.6,5.28,95,0,0
2026/09/01 14:50,2.44,0,3.19,0.56,1.03,25.32,26.52,100,13088,637.63,0,98.2,0,98.6,5.25,95,0,0
2026/09/01 15:00,2.44,0,3.16,0.56,1.03,25.3,31.65,100,13095,637.64,0,98.2,0,98.6,5.28,95,0,0
2026/09/01 15:10,2.44,0,3.15,0.56,1.03,25.29,31.95,100,13098,637.64,0,98.2,0,98.5,5.27,95,0,0
2026/09/01 15:20,2.44,0,3.14,0.56,1.03,25.27,27.83,100,13100,637.65,0,98.2,0,98.6,5.27,95,0,0
2026/09/01 15:30,2.44,0,3.14,0.56,1.03,25.25,20.44,100,13102,637.65,0,98.2,0,98.6,5.27,95,0,0
2026/09/01 15:40,2.44,0,3.14,0.56,1.03,25.23,27.31,100,13109,637.65,0,98.2,0,98.6,5.23,95,0,0
2026/09/01 15:50,2.43,-0.01,3.14,0.56,1.03,25.21,14.91,100,13112,637.66,0,98.2,0,98.6,5.28,95,0,0
2026/09/01 16:00,2.43,0,3.15,0.56,1.03,25.19,22.1,100,13119,637.66,0,98.2,0,98.5,5.25,95,0,0
2026/09/01 16:10,2.43,0,3.15,0.56,1.02,25.16,20.22,100,13127,637.67,0,98.2,78.95,98.5,5.25,95,0,0
2026/09/01 16:20,2.43,0,3.14,0.56,1.03,25.13,17.33,100,13135,637.68,0,98.2,82.64,98.5,5.27,95,0,0
2026/09/01 16:30,2.43,0,3.15,0.56,1.02,25.1,31.7,100,13149,637.69,0,98.2,79.01,98.5,5.28,95,0,0
2026/09/01 16:40,2.43,0,3.15,0.56,1.03,25.07,44.01,100,13167,637.71,0,98.2,82.72,98.5,5.27,95,0,0
2026/09/01 16:50,2.43,0,3.15,0.56,1.03,25.04,41.73,100,13170,637.71,0,98.2,81.15,98.5,5.27,95,0,0
2026/09/01 17:00,2.43,0,3.15,0.56,1.02,25.01,40.33,100,13183,637.72,0,98.2,82.79,98.5,5.28,94.9,0,0
2026/09/01 17:10,2.43,0,3.14,0.56,1.03,24.97,44.13,100,13202,637.74,0,98.2,82.81,98.5,5.27,94.9,0,0
2026/09/01 17:20,2.43,0,3.15,0.56,1.03,24.95,40.24,100,13207,637.74,0,98.2,82.85,98.5,5.25,94.9,0,0
2026/09/01 17:30,2.43,0,3.14,0.56,1.02,24.91,39.39,100,13223,637.76,0,98.2,82.89,98.5,5.27,94.9,0,0
2026/09/01 17:40,2.43,0,3.14,0.56,1.02,24.88,43.07,100,13238,637.77,0,98.2,82.92,98.5,5.25,94.9,0,0
2026/09/01 17:50,2.43,0,3.14,0.56,1.02,24.85,40.42,100,13243,637.78,0,98.2,81.36,98.5,5.25,94.9,0,0
2026/09/01 18:00,2.43,0,3.14,0.56,1.03,24.82,35.4,100,13259,637.79,0,98.2,82.99,98.5,5.27,94.9,0,0
2026/09/01 18:10,2.43,0,3.15,0.56,1.02,26.2,36.9,100,13259,637.79,0,98.2,82.86,98.5,5.27,94.9,0,0
2026/09/01 18:20,2.43,0,3.14,0.56,1.02,26.16,37.9,100,13275,637.8,0,98.2,81.46,98.5,5.27,94.9,0,0
2026/09/01 18:30,2.42,-0.01,3.14,0.56,1.02,26.14,41.1,100,13266,637.8,0,98.2,79.94,98.5,5.23,94.9,0,0
2026/09/01 18:40,2.42,0,3.14,0.56,1.02,26.11,31.54,100,13264,637.79,0,98.2,81.52,98.5,5.23,94.9,0,0
2026/09/01 18:50,2.42,0,3.14,0.56,1.02,26.07,25.16,100,13281,637.81,0,98.2,83.16,98.5,5.23,94.9,0,0
2026/09/01 19:00,2.42,0,3.15,0.56,1.02,26.04,22.42,100,13284,637.81,0,98.2,83.03,98.5,5.25,94.9,0,0
2026/09/01 19:10,2.42,0,3.15,0.56,1.02,24.63,59.56,100,13281,637.81,0,98.2,83.23,98.5,5.24,94.9,0,0
2026/09/01 19:20,2.42,0,3.14,0.56,1.02,25.98,57.11,100,13293,637.82,0,98.3,83.26,98.5,5.26,94.9,0,0
2026/09/01 19:30,2.42,0,3.14,0.56,1.02,25.96,49.17,100,13305,637.83,0,98.3,81.69,98.5,5.24,94.9,0,0
2026/09/01 19:40,2.42,0,3.15,0.56,1.02,25.93,99.74,100,13316,637.84,0,98.3,82.84,98.5,5.24,94.9,0,0
2026/09/01 19:50,2.42,0,3.14,0.56,1.02,25.92,112.01,100,13342,637.86,0,98.3,83.36,98.5,5.24,94.9,0,0
2026/09/01 20:00,2.42,0,3.14,0.56,1.02,25.91,91.1,100,13352,637.87,0,98.3,81.78,98.5,5.24,94.9,0,0
2026/09/01 20:10,2.42,0,3.14,0.56,1.02,25.91,60.6,100,13352,637.87,0,98.3,83.43,98.5,5.24,94.9,0,0
2026/09/01 20:20,2.42,0,3.14,0.56,1.02,24.54,36.62,100,13352,637.87,0,98.3,82.49,98.5,5.24,94.9,0,0
2026/09/01 20:30,2.42,0,3.14,0.55,1.02,25.91,25.21,100,13352,637.87,0,98.3,82.2,98.5,5.24,94.9,0,0
2026/09/01 20:40,2.42,0,3.15,0.56,1.02,25.91,25.32,100,13352,637.87,0,98.3,83.53,98.5,5.24,94.9,0,0
2026/09/01 20:50,2.42,0,3.15,0.55,1.02,24.54,25.3,100,13357,637.88,0,98.3,0,98.5,5.24,94.9,0,0
2026/09/01 21:00,2.42,0,3.14,0.55,1.02,25.91,25.39,100,13357,637.88,0,98.3,0,98.5,5.25,94.9,0,0
2026/09/01 21:10,2.42,0,3.14,0.55,1.02,25.92,23.71,100,13347,637.87,0,98.3,0,98.5,5.27,94.9,0,0
2026/09/01 21:20,2.42,0,3.14,0.55,1.02,24.54,19.8,100,13347,637.87,0,98.3,0,98.5,5.25,94.9,0,0
2026/09/01 21:30,2.42,0,3.15,0.55,1.02,25.92,19.73,100,13347,637.87,0,98.3,0,98.5,5.24,94.9,0,0
2026/09/01 21:40,2.42,0,3.14,0.55,1.02,24.54,21.44,100,13347,637.87,0,98.3,0,98.5,5.24,94.9,0,0
2026/09/01 21:50,2.42,0,3.15,0.55,1.02,25.92,25.28,100,13347,637.87,0,98.3,0,98.5,5.25,94.9,0,0
2026/09/01 22:00,2.42,0,3.14,0.55,1.02,25.92,25.43,100,13347,637.87,0,98.3,0,98.5,5.26,94.8,0,0
2026/09/01 22:10,2.42,0,3.15,0.55,1.02,24.54,25.28,100,13347,637.87,0,98.3,0,98.5,5.24,94.8,0,0
2026/09/01 22:20,2.42,0,3.15,0.55,1.02,25.92,19.6,100,13337,637.86,0,98.3,0,98.5,5.24,94.8,0,0
2026/09/01 22:30,2.42,0,3.14,0.55,1.02,24.55,19.64,100,13337,637.86,0,98.3,0,98.5,5.25,94.8,0,0
2026/09/01 22:40,2.42,0,3.15,0.55,1.02,24.55,19.58,100,13337,637.86,0,98.3,0,98.5,5.24,94.8,0,0
2026/09/01 22:50,2.42,0,3.15,0.55,1.02,25.92,25.24,100,13337,637.86,0,98.3,0,98.5,5.24,94.8,0,0
2026/09/01 23:00,2.42,0,3.15,0.55,1.02,24.55,25.13,100,13337,637.86,0,98.3,0,98.5,5.24,94.8,0,0
2026/09/01 23:10,2.42,0,3.15,0.55,1.02,24.55,25.05,100,13337,637.86,0,98.3,0,98.5,5.26,94.8,0,0
2026/09/01 23:20,2.42,0,3.15,0.55,1.02,25.93,21.12,100,13326,637.85,0,98.3,0,98.5,5.24,94.8,0,0
2026/09/01 23:30,2.42,0,3.15,0.55,1.02,24.55,21.01,100,13326,637.85,0,98.3,0,98.5,5.28,94.8,0,0
2026/09/01 23:40,2.42,0,3.14,0.55,1.02,24.56,32.31,100,13336,637.86,0,98.3,0,98.5,5.26,94.8,0,0
2026/09/01 23:50,2.42,0,3.15,0.55,1.02,25.95,39.76,100,13330,637.85,0,98.3,0,98.5,5.24,94.8,0,0
2026/09/02 00:00,2.42,0,3.14,0.55,1.02,25.96,39.95,100,13324,637.85,0,98.3,0,98.5,5.25,94.8,0,0
2026/09/02 00:10,2.42,0,3.15,0.55,1.02,22.61,26.63,100,13323,637.85,0,98.3,0,98.5,4.52,94.8,0,0
2026/09/02 00:20,2.42,0,3.15,0.55,1.02,22.62,21.64,100,13317,637.84,0,98.3,0,98.5,4.5,94.8,0,0
2026/09/02 00:30,2.42,0,3.15,0.55,1.02,21.8,19.49,100,13316,637.84,0,98.3,0,98.5,4.5,94.8,0,0
2026/09/02 00:40,2.42,0,3.15,0.55,1.02,21.81,19.55,100,13305,637.83,0,98.3,0,98.5,4.5,94.8,0,0
2026/09/02 00:50,2.42,0,3.15,0.55,1.02,22.65,18.3,100,13304,637.83,0,98.4,0,98.5,4.5,94.8,0,0
2026/09/02 01:00,2.42,0,3.15,0.55,1.02,21.83,17.74,100,13298,637.82,0,98.4,0,98.5,4.5,94.8,0,0
2026/09/02 01:10,2.42,0,3.15,0.55,1.02,22.67,16.61,100,13292,637.82,0,98.4,0,98.5,4.5,94.8,0,0
2026/09/02 01:20,2.42,0,3.15,0.54,1.02,21.84,15.5,100,13286,637.81,0,98.4,0,98.5,4.5,94.8,0,0
2026/09/02 01:30,2.42,0,3.15,0.54,1.02,21.86,15.5,100,13270,637.8,0,98.4,0,98.5,4.5,94.8,0,0
2026/09/02 01:40,2.42,0,3.14,0.54,1.02,22.7,16.66,100,13269,637.8,0,98.4,0,98.5,4.5,94.8,1,1
2026/09/02 01:50,2.42,0,3.14,0.54,1.02,21.87,17.74,100,13263,637.79,0,98.4,0,98.5,4.51,94.8,0,1
2026/09/02 02:00,2.42,0,3.17,0.53,1.02,21.88,18.78,100,13257,637.79,0,98.4,0,98.5,4.5,94.8,0,1
2026/09/02 02:10,2.42,0,3.19,0.53,1.02,21.89,17.01,100,13251,637.78,0,98.4,0,98.5,4.5,94.8,0,1
2026/09/02 02:20,2.42,0,3.2,0.53,1.02,21.9,15.77,100,13245,637.78,0,98.4,0,98.5,4.5,94.8,0,1
2026/09/02 02:30,2.42,0,3.18,0.53,1.02,21.91,13.65,100,13239,637.77,0,98.4,0,98.5,4.5,94.8,0,1
2026/09/02 02:40,2.42,0,3.15,0.53,1.02,21.92,22.06,100,13234,637.77,0,98.4,0,98.5,4.5,94.8,0,1
2026/09/02 02:50,2.42,0,3.15,0.53,1.02,21.94,26.28,100,13234,637.77,0,98.4,0,98.5,4.5,94.8,0,1
2026/09/02 03:00,2.42,0,3.15,0.53,1.02,21.95,20.46,100,13223,637.76,0,98.4,0,98.5,4.5,94.8,0,1
2026/09/02 03:10,2.41,-0.01,3.14,0.53,1.02,21.96,21.17,100,13213,637.75,0,98.4,0,98.5,4.5,94.8,0,1
2026/09/02 03:20,2.41,0,3.14,0.53,1.02,22.82,19.01,100,13203,637.74,0,98.4,0,98.4,4.5,94.8,0,1
2026/09/02 03:30,2.41,0,3.14,0.53,1.02,21.98,16.56,100,13193,637.73,0,98.4,0,98.4,4.5,94.8,0,1
2026/09/02 03:40,2.41,0,3.13,0.53,1.02,21.99,16.71,100,13188,637.72,0,98.4,0,98.4,4.5,94.8,0,1
2026/09/02 03:50,2.41,0,3.12,0.53,1.02,22,16.11,100,13183,637.72,0,98.4,0,98.5,4.5,94.8,0,1
2026/09/02 04:00,2.41,0,3.11,0.53,1.02,22,17.23,100,13178,637.72,0,98.4,0,98.5,4.5,94.8,0,1
2026/09/02 04:10,2.41,0,3.11,0.53,1.02,22.01,17.15,100,13172,637.71,0,98.4,0,98.5,4.5,94.8,0,1
2026/09/02 04:20,2.4,-0.01,3.1,0.53,1.02,22.02,16.57,100,13167,637.71,0,98.4,0,98.4,4.5,94.8,0,1
2026/09/02 04:30,2.4,0,3.1,0.53,1.02,22.03,15.43,100,13152,637.69,0,98.4,0,98.4,4.5,94.8,0,1
2026/09/02 04:40,2.4,0,3.1,0.53,1.02,22.04,16.52,100,13147,637.69,0,98.4,0,98.4,4.5,94.8,0,1
2026/09/02 04:50,2.4,0,3.09,0.53,1.02,21.27,17.07,100,13142,637.68,0,98.4,0,98.4,4.5,94.8,0,1
2026/09/02 05:00,2.4,0,3.09,0.53,1.02,22.06,17.01,100,13137,637.68,0,98.4,0,98.5,4.5,94.8,0,1
2026/09/02 05:10,2.4,0,3.09,0.53,1.02,22.07,16.44,100,13132,637.67,0,98.4,0,98.5,4.51,94.8,0,1
2026/09/02 05:20,2.4,0,3.09,0.53,1.02,22.08,16.98,100,13127,637.67,0,98.4,0,98.5,4.5,94.8,0,1
2026/09/02 05:30,2.4,0,3.08,0.53,1.02,21.3,16.93,100,13121,637.66,0,98.4,0,98.4,4.51,94.8,0,1
2026/09/02 05:40,2.4,0,3.08,0.53,1.02,22.1,15.27,100,13102,637.65,0,98.4,0,98.4,4.5,94.8,0,1
2026/09/02 05:50,2.4,0,3.08,0.53,1.02,22.11,15.77,100,13098,637.64,0,98.4,0,98.4,4.5,94.8,0,1
2026/09/02 06:00,2.39,-0.01,3.08,0.53,1.02,22.11,15.81,100,13093,637.64,0,98.4,0,98.4,4.51,94.8,0,1
2026/09/02 06:10,2.39,0,3.07,0.53,1.02,22.12,16.92,100,13089,637.64,0,98.4,0,98.5,4.5,94.8,0,1
2026/09/02 06:20,2.39,0,3.08,0.53,1.02,22.13,16.9,100,13085,637.63,0,98.4,0,98.4,4.5,94.8,0,1
2026/09/02 06:30,2.39,0,3.08,0.53,1.02,22.14,16.29,100,13080,637.63,0,98.5,0,98.4,4.5,94.8,0,1
2026/09/02 06:40,2.39,0,3.08,0.53,1.02,22.15,16.76,100,13076,637.62,0,98.5,0,98.4,4.5,94.8,0,1
2026/09/02 06:50,2.39,0,3.08,0.53,1.02,21.37,15.02,100,13072,637.62,0,98.5,0,98.4,4.5,94.8,0,1
2026/09/02 07:00,2.39,0,3.08,0.53,1.02,22.17,15.58,100,13052,637.6,0,98.5,0,98.4,4.5,94.8,0,1
2026/09/02 07:10,2.39,0,3.08,0.53,1.02,21.39,15.05,100,13048,637.6,0,98.5,0,98.4,4.51,94.8,0,1
2026/09/02 07:20,2.39,0,3.08,0.53,1.02,21.39,16.14,100,13044,637.59,0,98.5,0,98.4,4.51,94.8,0,1
2026/09/02 07:30,2.39,0,3.08,0.53,1.02,21.4,16.13,100,13039,637.59,0,98.5,0,98.4,4.5,94.8,0,1
2026/09/02 07:40,2.39,0,3.08,0.53,1.02,21.41,16.03,100,13030,637.58,0,98.5,0,98.4,4.5,94.8,0,1
2026/09/02 07:50,2.39,0,3.08,0.53,1.02,21.42,15.49,100,13026,637.58,0,98.5,0,98.4,4.5,94.8,0,1
2026/09/02 08:00,2.39,0,3.08,0.53,1.02,22.22,15.72,100,13022,637.57,0,98.5,0,98.4,4.5,94.8,0,1
2026/09/02 08:10,2.39,0,3.08,0.53,1.02,21.44,16.58,100,13003,637.56,0,98.5,0,98.4,4.5,94.8,0,1
2026/09/02 08:20,2.39,0,3.09,0.53,1.02,21.44,17.35,100,12999,637.55,0,98.5,0,98.4,4.5,94.8,0,1
2026/09/02 08:30,2.39,0,3.08,0.53,1.02,22.24,18.92,100,12999,637.55,0,98.5,0,98.4,4.5,94.8,0,1
2026/09/02 08:40,2.39,0,3.08,0.53,1.02,21.44,20.44,100,12999,637.55,0,98.5,0,98.4,4.5,94.8,0,1
2026/09/02 08:50,2.39,0,3.07,0.53,1.02,22.24,21.87,100,12999,637.55,0,98.5,0,98.4,4.5,94.8,0,1
2026/09/02 09:00,2.39,0,3.08,0.53,1.02,21.44,21.87,100,12999,637.55,0,98.5,0,98.4,4.5,94.8,0,1
2026/09/02 09:10,2.39,0,3.07,0.54,1.02,22.24,20.23,100,12989,637.54,0,98.5,0,98.4,4.5,94.8,0,1
2026/09/02 09:20,2.39,0,3.07,0.54,1.02,22.24,16.43,100,12989,637.54,0,98.5,0,98.4,4.5,94.8,0,1
2026/09/02 09:30,2.39,0,3.07,0.54,1.02,22.24,16.4,100,12989,637.54,0,98.5,0,98.4,4.5,94.8,0,1
2026/09/02 09:40,2.4,0.01,3.07,0.54,1.02,21.45,18.06,100,12989,637.54,0,98.5,0,98.4,4.5,94.8,0,1
2026/09/02 09:50,2.4,0,3.07,0.54,1.02,22.24,21.89,100,12989,637.54,0,98.5,0,98.4,4.5,94.8,0,1
2026/09/02 10:00,2.4,0,3.07,0.54,1.02,21.45,21.91,100,12989,637.54,0,98.5,0,98.4,4.5,94.8,0,1
2026/09/02 10:10,2.4,0,3.07,0.54,1.02,22.24,21.8,100,12989,637.54,0,98.5,0,98.4,4.5,94.8,0,1
2026/09/02 10:20,2.4,0,3.07,0.54,1.02,21.45,21.83,100,12989,637.54,0,98.5,0,98.4,4.5,94.8,0,1
2026/09/02 10:30,2.4,0,3.07,0.54,1.02,21.45,19.67,100,12979,637.54,0,98.5,0,98.4,4.5,94.8,0,1
2026/09/02 10:40,2.4,0,3.06,0.54,1.02,22.24,16.28,100,12979,637.54,0,98.5,0,98.4,4.5,94.8,0,1
2026/09/02 10:50,2.4,0,3.07,0.54,1.02,21.45,16.34,100,12979,637.54,0,98.5,0,98.4,4.5,94.8,0,1
2026/09/02 11:00,2.4,0,3.06,0.54,1.02,22.24,18.53,100,12979,637.54,0,98.5,0,98.4,4.5,94.8,0,1
2026/09/02 11:10,2.4,0,3.06,0.54,1.02,22.24,21.9,100,12979,637.54,0,98.5,0,98.4,4.5,94.8,0,1
2026/09/02 11:20,2.41,0.01,3.05,0.54,1.02,22.24,21.95,100,12979,637.54,0,98.5,0,98.4,4.5,94.8,0,1
2026/09/02 11:30,2.41,0,3.06,0.54,1.02,22.24,21.9,100,12979,637.54,0,98.5,0,98.4,4.5,94.8,0,1
2026/09/02 11:40,2.41,0,3.06,0.54,1.02,21.45,19.7,100,12969,637.53,0,98.5,0,98.4,4.5,94.8,0,1
2026/09/02 11:50,2.41,0,3.06,0.54,1.02,22.25,16.27,100,12969,637.53,0,98.5,0,98.4,4.5,94.8,0,1
2026/09/02 12:00,2.41,0,3.06,0.54,1.02,21.45,16.28,100,12969,637.53,0,98.5,0,98.4,4.5,94.8,0,1
2026/09/02 12:10,2.41,0,3.06,0.54,1.02,22.25,18.49,100,12969,637.53,0,98.5,0,98.4,4.5,94.8,0,1
2026/09/02 12:20,2.41,0,3.08,0.54,1.02,21.45,21.81,100,12969,637.53,0,98.5,0,98.4,4.5,94.8,0,1
2026/09/02 12:30,2.41,0,3.09,0.54,1.02,21.45,21.81,100,12969,637.53,0,98.5,0,98.4,4.5,94.8,0,1
2026/09/02 12:40,2.41,0,3.09,0.54,1.02,20.74,21.75,100,12969,637.53,0,98.5,0,98.4,4.5,94.8,0,1
2026/09/02 12:50,2.41,0,3.1,0.54,1.02,20.09,19.04,100,12959,637.52,0,98.5,0,98.4,4.5,94.8,0,1
2026/09/02 13:00,2.41,0,3.09,0.54,1.02,20.75,15.34,100,12959,637.52,0,98.5,0,98.4,4.5,94.8,0,1
2026/09/02 13:10,2.41,0,3.11,0.54,1.02,20.75,15.06,100,12959,637.52,0,98.5,0,98.4,4.5,94.8,0,1
2026/09/02 13:20,2.41,0,3.1,0.54,1.02,20.09,17.31,100,12959,637.52,0,98.5,0,98.4,4.5,94.8,0,1
2026/09/02 13:30,2.4,-0.01,3.09,0.54,1.02,20.75,20.59,100,12959,637.52,0,98.5,0,98.4,4.5,94.8,0,1
2026/09/02 13:40,2.4,0,3.08,0.54,1.02,20.75,20.57,100,12959,637.52,0,98.6,0,98.4,4.5,94.8,0,0
2026/09/02 13:50,2.4,0,3.08,0.54,1.02,20.75,17.01,100,12949,637.51,0,98.6,0,98.4,4.5,94.8,0,0
2026/09/02 14:00,2.4,0,3.07,0.54,1.02,20.75,14.81,100,12949,637.51,0,98.6,0,98.4,4.5,94.8,0,0
2026/09/02 14:10,2.39,-0.01,3.07,0.54,1.02,20.09,14.9,100,12949,637.51,0,98.6,0,98.4,4.5,94.8,0,0
2026/09/02 14:20,2.39,0,3.06,0.54,1.02,20.75,18.4,100,12949,637.51,0,98.6,0,98.4,4.5,94.8,0,0
2026/09/02 14:30,2.39,0,3.06,0.54,1.02,20.75,20.66,100,12949,637.51,0,98.6,0,98.4,4.5,94.8,0,0
2026/09/02 14:40,2.39,0,3.05,0.54,1.02,20.75,17.87,100,12940,637.5,0,98.6,0,98.3,4.5,94.8,0,0
2026/09/02 14:50,2.39,0,3.05,0.54,1.02,20.75,15.16,100,12940,637.5,0,98.6,0,98.4,4.5,94.8,0,0
2026/09/02 15:00,2.39,0,3.04,0.54,1.02,20.75,15.07,100,12929,637.49,0,98.6,0,98.4,4.5,94.8,0,0
2026/09/02 15:10,2.38,-0.01,3.03,0.54,1.01,20.09,-20.51,100,12928,637.49,0,98.6,0,98.4,4.49,94.8,0,0
2026/09/02 15:20,2.38,0,3.03,0.54,1.01,20.08,-4.31,100,12922,637.48,0,98.6,0,98.4,4.5,94.8,0,0
2026/09/02 15:30,2.38,0,3.03,0.54,1.01,20.73,9.38,100,12931,637.49,0,98.6,0,98.4,4.5,94.8,0,0
2026/09/02 15:40,2.38,0,3.03,0.54,1.01,20.72,20.61,100,12935,637.5,0,98.6,0,98.3,4.5,94.8,0,0
2026/09/02 15:50,2.38,0,3.02,0.54,1.01,20.06,16.32,100,12933,637.49,0,98.6,0,98.3,4.5,94.7,0,0
2026/09/02 16:00,2.38,0,3.03,0.54,1.01,20.71,7.1,100,12937,637.5,0,98.6,0,98.3,4.51,94.7,0,0
2026/09/02 16:10,2.38,0,3.03,0.53,1.01,20.7,15.26,100,12946,637.51,0,98.6,81.07,98.3,4.51,94.7,0,0
2026/09/02 16:20,2.37,-0.01,3.03,0.53,1.01,20.69,19.01,100,12950,637.51,0,98.6,82.08,98.3,4.51,94.7,0,0
2026/09/02 16:30,2.37,0,3.03,0.53,1.01,20.68,22.73,100,12954,637.51,0,98.6,82.27,98.3,4.5,94.7,0,0
2026/09/02 16:40,2.37,0,3.04,0.53,1.01,20.01,26.68,100,12958,637.52,0,98.6,82.33,98.3,4.5,94.7,0,0
2026/09/02 16:50,2.37,0,3.04,0.53,1.01,20.65,26.41,100,12962,637.52,0,98.6,80.74,98.3,4.51,94.7,0,0
2026/09/02 17:00,2.37,0,3.06,0.53,1.01,20.64,25.92,100,12966,637.52,0,98.6,80.8,98.3,4.51,94.7,0,0
2026/09/02 17:10,2.37,0,3.06,0.53,1.01,20.63,13.18,100,12975,637.53,0,98.6,80.83,98.3,4.5,94.7,0,0
2026/09/02 17:20,2.36,-0.01,3.06,0.53,1.01,20.62,13.51,100,12975,637.53,0,98.6,80.86,98.3,4.5,94.7,0,0
2026/09/02 17:30,2.36,0,3.06,0.53,1.01,19.95,7.16,100,12991,637.55,0,98.6,80.91,98.3,4.51,94.7,0,0
2026/09/02 17:40,2.36,0,3.06,0.53,1.01,20.58,11.17,100,12996,637.55,0,98.6,80.95,98.3,4.51,94.7,0,0
2026/09/02 17:50,2.36,0,3.06,0.53,1.01,20.56,19.63,100,13001,637.56,0,98.6,80.98,98.3,4.5,94.7,0,0
2026/09/02 18:00,2.36,0,3.05,0.53,1.01,20.54,22.87,100,13016,637.57,0,98.6,81.03,98.3,4.5,94.7,0,0
2026/09/02 18:10,2.36,0,3.06,0.53,1.01,20.52,23.07,100,13022,637.57,0,98.6,81.07,98.3,4.51,94.7,0,0
2026/09/02 18:20,2.36,0,3.05,0.53,1.01,20.5,23.05,100,13032,637.58,0,98.6,81.1,98.3,4.51,94.7,0,0
2026/09/02 18:30,2.36,0,3.06,0.53,1.01,20.48,43.65,100,13053,637.6,0,98.6,81.14,98.3,4.5,94.7,0,0
2026/09/02 18:40,2.36,0,3.05,0.53,1.01,20.46,39.16,100,13050,637.6,0,98.6,81.19,98.3,4.5,94.7,0,0
2026/09/02 18:50,2.36,0,3.05,0.53,1.01,20.44,47.04,100,13062,637.61,0,98.6,81.23,98.4,4.51,94.7,0,0
2026/09/02 19:00,2.36,0,3.05,0.52,1.01,20.43,40.59,100,13069,637.62,0,98.6,81.26,98.3,4.51,94.7,0,0
2026/09/02 19:10,2.36,0,3.05,0.52,1.01,20.41,28.56,100,13056,637.61,0,98.6,82.94,98.3,4.5,94.7,0,0
2026/09/02 19:20,2.36,0,3.05,0.52,1.01,21.09,17.66,100,13063,637.61,0,98.6,82.99,98.4,4.5,94.7,0,0
2026/09/02 19:30,2.36,0,3.04,0.53,1.01,20.38,45.66,100,13070,637.62,0,98.6,81.39,98.3,4.51,94.7,0,0
2026/09/02 19:40,2.36,0,3.05,0.52,1.01,20.37,89.11,100,13096,637.64,0,98.6,83.08,98.3,4.51,94.7,0,0
2026/09/02 19:50,2.36,0,3.04,0.52,1.01,21.06,111.13,100,13112,637.66,0,98.6,83.11,98.3,4.5,94.7,0,0
2026/09/02 20:00,2.36,0,3.05,0.52,1.01,21.06,77.16,100,13112,637.66,0,98.6,0,98.4,4.5,94.7,0,0
2026/09/02 20:10,2.35,-0.01,3.05,0.52,1.01,20.36,43.24,100,13112,637.66,0,98.7,0,98.3,4.51,94.7,0,0
2026/09/02 20:20,2.36,0.01,3.04,0.52,1.01,21.06,23.48,100,13112,637.66,0,98.7,0,98.4,4.51,94.7,0,0
2026/09/02 20:30,2.36,0,3.05,0.52,1.01,20.36,20.69,100,13112,637.66,0,98.7,0,98.4,4.5,94.7,0,0
2026/09/02 20:40,2.36,0,3.04,0.52,1.01,20.36,20.71,100,13112,637.66,0,98.7,0,98.4,4.5,94.7,0,0
2026/09/02 20:50,2.36,0,3.04,0.52,1.01,20.36,20.69,100,13112,637.66,0,98.7,0,98.4,4.51,94.7,0,0
2026/09/02 21:00,2.36,0,3.04,0.52,1.01,20.36,18.41,100,13102,637.65,0,98.7,0,98.4,4.51,94.7,0,0
2026/09/02 21:10,2.35,-0.01,3.04,0.52,1.01,20.36,14.99,100,13102,637.65,0,98.7,0,98.4,4.5,94.7,0,0
2026/09/02 21:20,2.35,0,3.04,0.52,1.01,20.36,14.99,100,13102,637.65,0,98.7,0,98.4,4.5,94.7,0,0
2026/09/02 21:30,2.35,0,3.04,0.52,1.01,21.06,17.21,100,13102,637.65,0,98.7,0,98.4,4.51,94.7,0,0
2026/09/02 21:40,2.35,0,3.04,0.52,1.01,21.06,20.05,100,13092,637.64,0,98.7,0,98.4,4.51,94.7,0,0
2026/09/02 21:50,2.35,0,3.04,0.52,1.01,21.06,15,100,13092,637.64,0,98.7,0,98.4,4.5,94.7,0,0
2026/09/02 22:00,2.35,0,3.04,0.52,1.01,20.37,15.03,100,13092,637.64,0,98.7,0,98.4,4.5,94.7,0,0
2026/09/02 22:10,2.35,0,3.04,0.52,1.01,21.06,15.61,100,13092,637.64,0,98.7,0,98.4,4.51,94.7,0,0
2026/09/02 22:20,2.35,0,3.05,0.52,1.01,21.06,20.67,100,13092,637.64,0,98.7,0,98.4,4.51,94.7,0,0
2026/09/02 22:30,2.35,0,3.04,0.52,1.01,20.37,19.48,100,13081,637.63,0,98.7,0,98.4,4.5,94.7,0,0
2026/09/02 22:40,2.35,0,3.04,0.52,1.01,21.07,14.91,100,13081,637.63,0,98.7,0,98.3,4.5,94.7,0,0
2026/09/02 22:50,2.35,0,3.05,0.52,1.01,21.07,14.94,100,13081,637.63,0,98.7,0,98.3,4.51,94.7,0,0
2026/09/02 23:00,2.35,0,3.04,0.52,1.01,21.07,16.09,100,13081,637.63,0,98.7,0,98.4,4.51,94.7,0,0
2026/09/02 23:10,2.35,0,3.04,0.52,1.01,21.07,20.72,100,13081,637.63,0,98.7,0,98.4,4.5,94.7,0,0
2026/09/02 23:20,2.35,0,3.04,0.52,1.01,20.37,16.69,100,13071,637.62,0,98.7,0,98.3,4.5,94.7,0,0
2026/09/02 23:30,2.35,0,3.05,0.52,1.01,21.07,15.01,100,13071,637.62,0,98.7,0,98.4,4.51,94.7,0,0
2026/09/02 23:40,2.35,0,3.05,0.52,1.01,20.37,15.04,100,13071,637.62,0,98.7,0,98.4,4.51,94.6,0,0
2026/09/02 23:50,2.35,0,3.04,0.52,1.01,20.37,18.92,100,13071,637.62,0,98.7,0,98.3,4.5,94.6,0,0
2026/09/03 00:00,2.35,0,3.04,0.52,1.01,20.37,19.47,100,13061,637.61,0,98.7,0,98.4,4.5,94.6,0,0
2026/09/03 00:10,2.35,0,3.05,0.52,1.01,20.37,14.87,100,13061,637.61,0,98.7,0,98.3,4.5,94.6,0,0
2026/09/03 00:20,2.35,0,3.05,0.52,1.01,20.37,20.6,100,13066,637.61,0,98.7,0,98.4,4.51,94.6,0,0
2026/09/03 00:30,2.35,0,3.04,0.52,1.01,21.08,27.26,100,13060,637.61,0,98.7,0,98.4,4.5,94.6,0,0
2026/09/03 00:40,2.35,0,3.05,0.52,1.01,20.39,32.38,100,13054,637.6,0,98.7,0,98.3,4.5,94.6,0,0
2026/09/03 00:50,2.35,0,3.05,0.52,1.01,20.4,25,100,13053,637.6,0,98.7,0,98.3,4.5,94.6,0,0
2026/09/03 01:00,2.34,-0.01,3.05,0.52,1.01,20.41,17.81,100,13047,637.6,0,98.7,0,98.3,4.51,94.6,0,0
2026/09/03 01:10,2.34,0,3.05,0.52,1.01,20.41,15.61,100,13046,637.6,0,98.7,0,98.3,4.5,94.6,0,0
2026/09/03 01:20,2.34,0,3.05,0.52,1.01,20.42,16.06,100,13035,637.59,0,98.7,0,98.3,4.5,94.6,0,0
2026/09/03 01:30,2.34,0,3.04,0.52,1.01,20.43,16.58,100,13034,637.59,0,98.7,0,98.3,4.51,94.6,0,0
2026/09/03 01:40,2.34,0,3.05,0.52,1.01,21.14,14.85,100,13018,637.57,0,98.7,0,98.3,4.51,94.6,0,0
2026/09/03 01:50,2.34,0,3.05,0.52,1.01,20.45,14.29,100,13012,637.57,0,98.7,0,98.3,4.51,94.6,0,0
2026/09/03 02:00,2.34,0,3.04,0.52,1.01,20.45,13.34,100,13006,637.56,0,98.7,0,98.3,4.5,94.6,0,0
2026/09/03 02:10,2.34,0,3.05,0.52,1.01,20.46,16.2,100,13000,637.55,0,98.7,0,98.3,4.5,94.6,0,0
2026/09/03 02:20,2.34,0,3.05,0.52,1.01,20.47,16.88,100,13000,637.55,0,98.7,0,98.3,4.51,94.6,0,0
2026/09/03 02:30,2.34,0,3.05,0.52,1.01,20.48,17.58,100,12994,637.55,0,98.7,0,98.3,4.5,94.6,0,0
2026/09/03 02:40,2.34,0,3.05,0.52,1.01,20.49,16.99,100,12988,637.54,0,98.7,0,98.3,4.5,94.5,0,0
2026/09/03 02:50,2.34,0,3.05,0.52,1.01,20.49,16.42,100,12983,637.54,0,98.8,0,98.3,4.5,94.5,0,0
2026/09/03 03:00,2.34,0,3.05,0.52,1.01,21.2,16.94,100,12977,637.53,0,98.8,0,98.3,4.51,94.5,0,0
2026/09/03 03:10,2.34,0,3.05,0.52,1.01,20.51,16.35,100,12971,637.53,0,98.8,0,98.3,4.5,94.5,0,0
2026/09/03 03:20,2.34,0,3.04,0.52,1.01,20.52,17.4,100,12966,637.52,0,98.8,0,98.3,4.5,94.5,0,0
2026/09/03 03:30,2.33,-0.01,3.05,0.52,1.01,20.52,16.81,100,12966,637.52,0,98.8,0,98.3,4.5,94.5,0,0
2026/09/03 03:40,2.33,0,3.05,0.52,1.01,20.53,16.79,100,12961,637.52,0,98.8,0,98.3,4.51,94.5,0,0
2026/09/03 03:50,2.33,0,3.04,0.52,1.01,20.54,16.22,100,12956,637.51,0,98.8,0,98.3,4.5,94.5,0,0
2026/09/03 04:00,2.33,0,3.05,0.52,1.01,20.55,16.29,100,12951,637.51,0,98.8,0,98.3,4.5,94.5,0,0
2026/09/03 04:10,2.33,0,3.04,0.52,1.01,19.9,16.73,100,12946,637.51,0,98.8,0,98.3,4.51,94.5,0,0
2026/09/03 04:20,2.33,0,3.05,0.52,1.01,20.56,16.2,100,12941,637.5,0,98.8,0,98.3,4.51,94.5,0,0
2026/09/03 04:30,2.33,0,3.04,0.52,1.01,20.57,16.09,100,12936,637.5,0,98.8,0,98.3,4.5,94.5,0,0
2026/09/03 04:40,2.33,0,3.04,0.52,1.01,20.58,16.08,100,12930,637.49,0,98.8,0,98.3,4.5,94.5,0,0
2026/09/03 04:50,2.33,0,3.04,0.52,1.01,20.59,16.08,100,12915,637.48,0,98.8,0,98.3,4.51,94.5,0,0
2026/09/03 05:00,2.34,0.01,3.05,0.51,1.01,20.6,16.62,100,12910,637.47,0,98.8,0,98.3,4.51,94.5,0,0
2026/09/03 05:10,2.34,0,3.05,0.52,1.01,20.61,16.61,100,12905,637.47,0,98.8,0,98.3,4.5,94.5,0,0
2026/09/03 05:20,2.34,0,3.05,0.52,1.01,19.96,16.58,100,12900,637.46,0,98.8,0,98.3,4.5,94.5,0,0
2026/09/03 05:30,2.34,0,3.05,0.52,1.01,20.62,15.99,100,12895,637.46,0,98.8,0,98.3,4.5,94.5,0,0
2026/09/03 05:40,2.34,0,3.04,0.52,1.01,20.63,15.52,100,12885,637.45,0,98.8,0,98.3,4.51,94.5,0,0
2026/09/03 05:50,2.34,0,3.05,0.52,1.01,19.98,15.97,100,12880,637.45,0,98.8,0,98.3,4.5,94.5,0,0
2026/09/03 06:00,2.34,0,3.04,0.52,1.01,19.99,15.92,100,12874,637.44,0,98.8,0,98.3,4.5,94.5,0,0
2026/09/03 06:10,2.34,0,3.05,0.52,1.01,20.65,15.92,100,12869,637.44,0,98.8,0,98.3,4.5,94.5,0,0
2026/09/03 06:20,2.34,0,3.05,0.52,1.01,20.01,15.32,100,12864,637.43,0,98.8,0,98.3,4.51,94.5,0,0
2026/09/03 06:30,2.34,0,3.04,0.52,1.01,20.67,16.33,100,12859,637.43,0,98.8,0,98.3,4.5,94.5,0,0
2026/09/03 06:40,2.34,0,3.04,0.52,1.01,20.68,24.81,100,12851,637.42,0,98.8,0,98.3,4.5,94.5,0,0
2026/09/03 06:50,2.34,0,3.04,0.52,1.01,20.04,28.15,100,12852,637.42,0,98.8,0,98.2,4.5,94.5,0,0
2026/09/03 07:00,2.34,0,3.04,0.52,1.01,20.71,26.57,100,12838,637.41,0,98.8,0,98.2,4.51,94.5,0,0
2026/09/03 07:10,2.34,0,3.05,0.51,1.01,20.72,17.85,100,12831,637.4,0,98.8,0,98.2,4.5,94.5,0,0
2026/09/03 07:20,2.34,0,3.04,0.51,1.01,20.74,14.58,100,12818,637.39,0,98.8,0,98.2,4.5,94.5,0,0
2026/09/03 07:30,2.34,0,3.05,0.52,1.01,20.76,14.96,100,12805,637.38,0,98.8,0,98.3,4.5,94.5,0,0
2026/09/03 07:40,2.34,0,3.04,0.51,1.01,20.11,18.3,100,12792,637.37,0,98.8,0,98.2,4.51,94.5,0,0
2026/09/03 07:50,2.34,0,3.04,0.51,1.01,20.12,18.32,100,12788,637.36,0,98.8,0,98.2,4.5,94.5,0,0
2026/09/03 08:00,2.33,-0.01,3.04,0.51,1.01,20.12,19.68,100,12774,637.35,0,98.8,0,98.2,4.5,94.5,0,0
2026/09/03 08:10,2.33,0,3.05,0.51,1.01,20.78,19.75,100,12764,637.34,0,98.8,0,98.2,4.51,94.5,0,0
2026/09/03 08:20,2.33,0,3.05,0.51,1.01,20.13,17.63,100,12764,637.34,0,98.8,0,98.2,4.51,94.4,0,0
2026/09/03 08:30,2.33,0,3.04,0.51,1.01,20.78,18.07,100,12764,637.34,0,98.8,0,98.2,4.51,94.4,0,0
2026/09/03 08:40,2.33,0,3.04,0.51,1.01,20.78,16.69,100,12764,637.34,0,98.8,0,98.2,4.5,94.4,0,0
2026/09/03 08:50,2.33,0,3.04,0.51,1.01,20.13,20.51,100,12764,637.34,0,98.8,0,98.2,4.5,94.4,0,0
2026/09/03 09:00,2.33,0,3.04,0.51,1.01,20.13,20.44,100,12764,637.34,0,98.8,0,98.2,4.51,94.4,0,0
2026/09/03 09:10,2.33,0,3.05,0.51,1.01,20.13,20.29,100,12764,637.34,0,98.8,0,98.2,4.51,94.4,0,0
2026/09/03 09:20,2.33,0,3.04,0.52,1.01,20.78,20.21,100,12764,637.34,0,98.8,0,98.2,4.51,94.4,0,0
2026/09/03 09:30,2.33,0,3.04,0.51,1.01,20.13,20.33,100,12764,637.34,0,98.8,0,98.2,4.5,94.4,0,0
2026/09/03 09:40,2.33,0,3.05,0.51,1.01,20.78,20.39,100,12764,637.34,0,98.8,0,98.2,4.51,94.4,0,0
2026/09/03 09:50,2.33,0,3.04,0.52,1.01,20.78,20.43,100,12764,637.34,0,98.9,0,98.2,4.51,94.4,0,0
2026/09/03 10:00,2.33,0,3.04,0.52,1.01,20.13,20.42,100,12764,637.34,0,98.9,0,98.2,4.5,94.4,0,0
2026/09/03 10:10,2.33,0,3.04,0.52,1.01,20.78,20.41,100,12764,637.34,0,98.9,0,98.2,4.5,94.3,0,0
2026/09/03 10:20,2.33,0,3.04,0.52,1.01,20.13,20.47,100,12764,637.34,0,98.9,0,98.2,4.51,94.3,0,0
2026/09/03 10:30,2.33,0,3.04,0.52,1.01,20.79,18.85,100,12754,637.33,0,98.9,0,98.2,4.51,94.3,0,0
2026/09/03 10:40,2.33,0,3.05,0.52,1.01,20.79,15.01,100,12754,637.33,0,98.9,0,98.2,4.5,94.3,0,0
2026/09/03 10:50,2.33,0,3.04,0.52,1.01,20.79,16.26,100,12754,637.33,0,98.9,0,98.2,4.5,94.3,0,0
2026/09/03 11:00,2.33,0,3.04,0.52,1.01,20.79,16.81,100,12754,637.33,0,98.9,0,98.2,4.51,94.3,0,0
2026/09/03 11:10,2.33,0,3.04,0.52,1.01,26.79,21.5,100,12754,637.33,0,98.9,0,98.2,4.51,94.3,0,0
2026/09/03 11:20,2.34,0.01,3.04,0.51,1.01,26.79,23.51,100,12754,637.33,0,98.9,0,98.2,4.5,94.3,0,0
2026/09/03 11:30,2.34,0,3.04,0.52,1.01,26.79,25.59,100,12754,637.33,0,98.9,0,98.2,4.5,94.3,1,1
2026/09/03 11:40,2.34,0,3.04,0.51,1.01,26.79,26.63,100,12754,637.33,0,98.9,0,98.2,4.5,94.3,0,1
2026/09/03 11:50,2.34,0,3.04,0.52,1.01,26.79,29.46,100,12764,637.34,0,98.9,0,98.2,4.51,94.3,0,1
2026/09/03 12:00,2.34,0,3.05,0.52,1.01,26.78,35.48,100,12774,637.35,0,98.9,0,98.2,4.5,94.3,0,1
2026/09/03 12:10,2.35,0.01,3.04,0.52,1.01,26.78,42.61,100,12784,637.36,0,98.9,0,98.2,4.5,94.3,0,1
2026/09/03 12:20,2.35,0,3.04,0.51,1.01,25.3,43.68,100,12794,637.37,0,98.9,0,98.1,4.51,94.3,1,2
2026/09/03 12:30,2.35,0,3.04,0.51,1.01,26.77,46.36,100,12813,637.39,0,98.9,0,98.1,4.51,94.3,0,2
2026/09/03 12:40,2.35,0,3.03,0.52,1.01,26.76,46.44,100,12823,637.39,0,98.9,0,98.1,4.5,94.3,0,2
2026/09/03 12:50,2.35,0,3.03,0.52,1.01,26.75,53.64,100,12843,637.41,0,98.9,0,98.1,4.5,94.3,0,2
2026/09/03 13:00,2.35,0,3.02,0.52,1.01,26.75,51.46,100,12853,637.42,0,98.9,0,98,4.51,94.3,0,2
2026/09/03 13:10,2.35,0,3.02,0.52,1.01,26.74,53.1,100,12873,637.44,0,98.9,0,98.1,5.16,94.3,1,3
2026/09/03 13:20,2.35,0,3.03,0.52,1.01,26.73,50.84,100,12893,637.46,0,98.9,0,98,5.17,94.3,0,3
2026/09/03 13:30,2.36,0.01,3.09,0.52,1.01,26.72,53.61,100,12903,637.47,0,98.9,0,98,5.17,94.3,1,4
2026/09/03 13:40,2.36,0,3.12,0.52,1.01,26.71,54.2,100,12923,637.48,0,98.9,0,98,5.57,94.3,0,4
2026/09/03 13:50,2.39,0.03,3.14,0.52,1.02,26.7,54.8,100,12942,637.5,0,98.9,0,97.9,5.57,94.3,0,4
2026/09/03 14:00,2.44,0.05,3.15,0.52,1.02,26.7,54.27,100,12952,637.51,1.48,98.9,0,97.9,5.56,94.3,1,5
2026/09/03 14:10,2.45,0.01,3.14,0.53,1.02,26.69,49.52,100,12972,637.53,3.34,98.9,0,97.9,5.57,94.3,1,6
2026/09/03 14:20,2.47,0.02,3.11,0.53,1.03,26.66,16.28,100,12990,637.55,4.43,99,0,97.9,5.56,94.3,0,6
2026/09/03 14:30,2.5,0.03,3.11,0.54,1.03,26.64,34.57,100,13009,637.56,4.43,99,0,97.9,5.56,94.3,0,6
2026/09/03 14:40,2.67,0.17,3.13,0.54,1.03,26.62,52.61,100,13033,637.58,6.38,99,0,97.8,6.68,94.3,1,7
2026/09/03 14:50,2.68,0.01,3.17,0.55,1.03,26.59,63.68,100,13053,637.6,6.85,99,0,97.8,6.7,94.3,1,8
2026/09/03 15:00,2.71,0.03,3.25,0.56,1.04,26.57,66.72,100,13087,637.63,6.86,99,0,97.8,6.7,94.3,0,8
2026/09/03 15:10,2.71,0,3.29,0.56,1.04,26.55,110.75,100,13107,637.65,6.85,99,0,97.8,7.89,94.3,1,9
2026/09/03 15:20,2.71,0,3.31,0.56,1.05,26.54,98.09,100,13137,637.68,6.85,99,58.42,97.8,7.87,94.3,0,9
2026/09/03 15:30,2.71,0,3.32,0.57,1.05,26.53,78.26,100,13158,637.7,6.87,99,128.83,97.7,7.87,94.3,0,9
2026/09/03 15:40,2.71,0,3.32,0.58,1.05,26.52,64.62,100,13168,637.71,7.4,99,128.71,97.7,8.96,94.3,0,9
2026/09/03 15:50,2.71,0,3.34,0.58,1.05,28.23,58.34,100,13188,637.72,7.41,99,128.86,97.7,8.96,94.2,0,9
2026/09/03 16:00,2.73,0.02,3.34,0.59,1.05,26.51,57.13,100,13208,637.74,7.41,99,128.51,97.7,8.99,94.2,0,9
2026/09/03 16:10,2.73,0,3.35,0.61,1.05,26.49,56.31,100,13228,637.76,7.4,99,127.58,97.7,10.02,94.2,0,9
2026/09/03 16:20,2.74,0.01,3.38,0.62,1.05,26.48,27.46,100,13232,637.77,7.41,99,127.22,97.7,10.02,94.1,0,9
2026/09/03 16:30,2.74,0,3.41,0.63,1.05,26.46,36.31,100,13247,637.78,7.4,99,125.87,97.7,10.02,94.1,0,9
2026/09/03 16:40,2.75,0.01,3.41,0.64,1.05,26.45,41.99,100,13256,637.79,7.4,99,126.52,97.7,10.02,94.1,0,9
2026/09/03 16:50,2.75,0,3.42,0.65,1.05,26.43,39.82,100,13260,637.79,7.4,99,126.85,97.7,10.02,94.1,1,10
2026/09/03 17:00,2.75,0,3.41,0.66,1.05,26.42,37.1,100,13270,637.8,7.4,99,126.3,97.7,10.02,94.1,0,10
2026/09/03 17:10,2.75,0,3.41,0.67,1.05,26.4,36.71,100,13274,637.8,7.4,98.9,131.31,97.7,10.02,94.1,0,10
2026/09/03 17:20,2.75,0,3.41,0.68,1.05,26.39,35.91,100,13284,637.81,7.4,98.9,131.68,97.7,10.02,94,0,10
2026/09/03 17:30,2.75,0,3.41,0.69,1.05,28.06,36.69,100,13288,637.82,7.41,98.9,131.6,97.7,10.02,94,0,10
2026/09/03 17:40,2.75,0,3.41,0.69,1.05,26.36,35.28,100,13298,637.82,7.4,98.9,126.99,97.6,10.02,94,0,10
2026/09/03 17:50,2.76,0.01,3.42,0.7,1.05,28.03,36.07,100,13303,637.83,7.41,98.9,131.91,97.7,10.02,93.9,0,10
2026/09/03 18:00,2.75,-0.01,3.41,0.7,1.05,26.33,36.29,100,13313,637.84,7.4,98.9,128.89,97.7,10.02,93.9,0,10
2026/09/03 18:10,2.75,0,3.42,0.7,1.05,28.01,74.17,100,13313,637.84,7.4,98.9,127.22,97.6,10.02,93.9,0,10
2026/09/03 18:20,2.75,0,3.43,0.7,1.05,28,63.71,100,13323,637.85,7.4,98.9,129.95,97.7,10.02,93.9,0,10
2026/09/03 18:30,2.75,0,3.43,0.7,1.05,28,47.03,100,13323,637.85,7.4,98.9,129.14,97.6,10.02,93.9,0,10
2026/09/03 18:40,2.75,0,3.43,0.7,1.05,26.33,34.21,100,13323,637.85,7.4,98.9,127.47,97.7,10.02,93.9,0,10
2026/09/03 18:50,2.75,0,3.42,0.7,1.05,28,27.27,100,13323,637.85,7.4,98.9,126.66,97.6,10.02,93.9,0,10
2026/09/03 19:00,2.75,0,3.43,0.7,1.04,28,27.1,100,13323,637.85,7.4,98.9,130.25,97.6,10.02,93.8,0,10
2026/09/03 19:10,2.74,-0.01,3.43,0.7,1.04,28,27.15,100,13323,637.85,7.4,98.9,133.49,97.6,5.68,93.8,0,10
2026/09/03 19:20,2.74,0,3.43,0.69,1.04,26.32,32.86,100,13334,637.86,7.41,98.9,127.77,97.6,5.68,93.8,0,10
2026/09/03 19:30,2.74,0,3.43,0.7,1.04,26.32,32.86,100,13334,637.86,7.4,98.9,129.25,97.6,5.67,93.8,0,10
2026/09/03 19:40,2.74,0,3.44,0.69,1.04,28,32.77,100,13334,637.86,7.4,98.9,129.38,97.6,5.64,93.8,0,10
2026/09/03 19:50,2.73,-0.01,3.44,0.68,1.04,28,27.25,100,13334,637.86,7.41,98.9,130.76,97.6,5.63,93.8,0,10
2026/09/03 20:00,2.72,-0.01,3.43,0.67,1.04,26.32,27.37,100,13334,637.86,7.4,98.9,129.2,97.6,5.63,93.8,0,10
2026/09/03 20:10,2.72,0,3.43,0.65,1.04,26.32,27.42,100,13334,637.86,7.4,98.9,129.79,97.6,5.63,93.8,0,10
2026/09/03 20:20,2.71,-0.01,3.44,0.63,1.04,26.32,26.82,100,13334,637.86,7.41,98.9,129.53,97.6,5.63,93.8,0,10
2026/09/03 20:30,2.7,-0.01,3.43,0.61,1.04,28,26.57,100,13334,637.86,7.41,98.9,131.18,97.6,5.63,93.8,0,10
2026/09/03 20:40,2.7,0,3.44,0.6,1.04,28,26.93,100,13334,637.86,7.41,98.9,0,97.6,5.63,93.8,0,10
2026/09/03 20:50,2.69,-0.01,3.42,0.59,1.04,26.32,27.12,100,13334,637.86,7.4,98.9,0,97.6,5.63,93.8,0,10
2026/09/03 21:00,2.69,0,3.44,0.58,1.04,27.99,29.84,100,13344,637.87,7.41,98.9,0,97.6,5.63,93.8,0,10
2026/09/03 21:10,2.68,-0.01,3.43,0.58,1.04,27.99,32.43,100,13344,637.87,7.4,98.9,0,97.6,5.63,93.8,0,10
2026/09/03 21:20,2.68,0,3.42,0.57,1.03,26.32,32.49,100,13344,637.87,7.4,98.9,0,97.6,5.63,93.8,0,10
2026/09/03 21:30,2.68,0,3.43,0.57,1.03,26.32,29.88,100,13344,637.87,7.4,98.9,0,97.6,5.63,93.8,0,10
2026/09/03 21:40,2.67,-0.01,3.42,0.57,1.03,26.32,26.97,100,13344,637.87,7.4,98.9,0,97.6,5.63,93.8,0,10
2026/09/03 21:50,2.66,-0.01,3.42,0.57,1.03,27.99,26.76,100,13344,637.87,7.4,98.9,0,97.5,5.63,93.8,0,10
2026/09/03 22:00,2.66,0,3.42,0.57,1.03,26.32,26.85,100,13344,637.87,7.4,98.9,0,97.6,5.63,93.8,0,10
2026/09/03 22:10,2.66,0,3.42,0.56,1.03,26.32,26.9,100,13344,637.87,7.4,98.9,0,97.6,5.63,93.8,0,10
2026/09/03 22:20,2.66,0,3.42,0.57,1.03,26.32,26.93,100,13344,637.87,7.4,98.9,0,97.5,5.63,93.8,0,10
2026/09/03 22:30,2.65,-0.01,3.42,0.56,1.03,26.32,26.86,100,13344,637.87,7.4,98.9,0,97.5,5.63,93.8,0,10
2026/09/03 22:40,2.65,0,3.42,0.56,1.03,26.32,26.71,100,13344,637.87,7.41,98.9,0,97.6,5.63,93.8,0,10
2026/09/03 22:50,2.65,0,3.41,0.56,1.03,27.99,29.07,100,13354,637.88,7.4,98.9,0,97.5,5.63,93.8,0,10
2026/09/03 23:00,2.65,0,3.41,0.56,1.03,26.31,32.54,100,13354,637.88,7.41,98.9,0,97.5,5.63,93.8,0,10
2026/09/03 23:10,2.64,-0.01,3.41,0.56,1.03,26.31,32.71,100,13354,637.88,7.4,98.9,0,97.5,5.63,93.8,0,10
2026/09/03 23:20,2.65,0.01,3.41,0.56,1.03,26.31,30.22,100,13354,637.88,7.4,98.9,0,97.4,5.63,93.8,0,10
2026/09/03 23:30,2.64,-0.01,3.4,0.56,1.03,27.99,26.97,100,13354,637.88,7.4,98.9,0,97.5,5.63,93.8,0,10
2026/09/03 23:40,2.64,0,3.4,0.56,1.03,26.31,27.03,100,13354,637.88,7.41,98.9,0,97.5,5.63,93.8,0,10
2026/09/03 23:50,2.64,0,3.41,0.56,1.03,27.99,26.93,100,13354,637.88,7.41,98.9,0,97.4,5.63,93.8,0,10
2026/09/04 00:00,2.64,0,3.4,0.56,1.03,26.31,26.9,100,13354,637.88,7.4,98.9,0,97.4,5.63,93.8,0,10
2026/09/04 00:10,2.64,0,3.41,0.56,1.03,27.99,26.78,100,13354,637.88,4.95,98.9,0,97.4,5.64,93.7,0,10
2026/09/04 00:20,2.64,0,3.41,0.56,1.03,26.31,27.2,100,13354,637.88,4.94,98.9,0,97.4,5.64,93.7,0,10
2026/09/04 00:30,2.64,0,3.4,0.56,1.03,26.31,26.92,100,13354,637.88,4.95,98.9,0,97.4,5.66,93.7,0,10
2026/09/04 00:40,2.64,0,3.41,0.56,1.03,26.31,27.12,100,13354,637.88,4.94,98.9,0,97.4,5.64,93.7,0,10
2026/09/04 00:50,2.63,-0.01,3.4,0.56,1.02,26.31,26.93,100,13354,637.88,4.94,98.9,0,97.4,5.64,93.7,0,10
2026/09/04 01:00,2.63,0,3.41,0.56,1.03,27.99,27.17,100,13349,637.87,4.95,98.9,0,97.4,5.64,93.7,0,10
2026/09/04 01:10,2.63,0,3.4,0.56,1.03,26.31,27.07,100,13349,637.87,4.94,98.9,0,97.4,5.64,93.7,0,10
2026/09/04 01:20,2.63,0,3.4,0.56,1.03,27.99,27.01,100,13349,637.87,4.95,98.9,0,97.3,5.64,93.7,0,10
2026/09/04 01:30,2.63,0,3.41,0.56,1.02,26.31,27.02,100,13349,637.87,4.94,98.9,0,97.3,5.64,93.7,0,10
2026/09/04 01:40,2.63,0,3.39,0.56,1.02,26.31,27.04,100,13349,637.87,4.94,98.9,0,97.3,5.64,93.7,0,10
2026/09/04 01:50,2.63,0,3.4,0.56,1.02,27.99,36.16,100,13349,637.87,4.95,98.9,0,97.3,5.64,93.7,0,10
2026/09/04 02:00,2.63,0,3.39,0.56,1.02,28.01,40.03,100,13344,637.87,4.95,98.9,0,97.3,5.64,93.7,0,10
2026/09/04 02:10,2.63,0,3.4,0.56,1.02,26.34,38.97,100,13338,637.86,4.94,98.9,0,97.3,5.64,93.7,0,10
2026/09/04 02:20,2.62,-0.01,3.39,0.56,1.02,26.36,27.68,100,13333,637.86,4.94,98.9,0,97.3,5.64,93.7,0,10
2026/09/04 02:30,2.62,0,3.39,0.56,1.02,28.06,22.83,100,13329,637.85,4.94,98.9,0,97.3,5.64,93.7,0,10
2026/09/04 02:40,2.62,0,3.39,0.56,1.02,28.08,21.38,100,13325,637.85,4.94,98.9,0,97.2,5.64,93.7,0,10
2026/09/04 02:50,2.62,0,3.39,0.56,1.02,26.4,23,100,13315,637.84,4.95,98.9,0,97.2,5.64,93.7,0,10
2026/09/04 03:00,2.62,0,3.39,0.56,1.02,28.11,21.84,100,13311,637.84,4.94,98.9,0,97.2,5.64,93.7,0,10
2026/09/04 03:10,2.62,0,3.39,0.56,1.02,26.43,23.6,100,13307,637.83,2.97,98.9,0,97.2,4.53,93.7,0,10
2026/09/04 03:20,2.62,0,3.39,0.56,1.02,28.14,22.37,100,13302,637.83,2.97,98.9,0,97.2,4.53,93.7,0,10
2026/09/04 03:30,2.61,-0.01,3.39,0.56,1.02,26.45,23.47,100,13298,637.83,2.97,98.9,0,97.2,4.52,93.7,0,10
2026/09/04 03:40,2.61,0,3.4,0.56,1.02,26.46,24.03,100,13288,637.82,2.97,98.9,0,97.2,4.52,93.7,0,10
2026/09/04 03:50,2.61,0,3.39,0.55,1.02,26.47,25.61,100,13278,637.81,2.98,98.9,0,97.2,4.53,93.6,0,10
2026/09/04 04:00,2.61,0,3.39,0.55,1.02,26.47,22.77,100,13278,637.81,2.98,98.9,0,97.2,4.53,93.6,0,10
2026/09/04 04:10,2.61,0,3.39,0.55,1.02,26.47,22.68,100,13278,637.81,2.98,98.9,0,97.1,4.52,93.6,0,10
2026/09/04 04:20,2.61,0,3.39,0.54,1.02,26.47,22.97,100,13278,637.81,2.98,98.9,0,97.2,4.52,93.6,0,10
2026/09/04 04:30,2.61,0,3.39,0.54,1.02,28.17,26.82,100,13278,637.81,2.98,98.9,0,97.1,4.52,93.6,0,10
2026/09/04 04:40,2.61,0,3.39,0.53,1.02,26.47,26.87,100,13278,637.81,2.98,98.9,0,97.1,4.53,93.6,0,10
2026/09/04 04:50,2.6,-0.01,3.38,0.53,1.02,26.47,26.85,100,13278,637.81,2.98,98.9,0,97.1,4.52,93.6,0,0
2026/09/04 05:00,2.6,0,3.39,0.53,1.02,28.17,26.88,100,13278,637.81,2.98,98.9,0,97.1,4.52,93.6,0,0
2026/09/04 05:10,2.6,0,3.39,0.53,1.02,26.47,26.88,100,13278,637.81,2.98,98.9,0,97.1,4.53,93.6,0,0
2026/09/04 05:20,2.6,0,3.39,0.53,1.02,26.47,26.83,100,13278,637.81,2.98,98.9,0,97.1,4.53,93.6,0,0
2026/09/04 05:30,2.6,0,3.39,0.52,1.02,26.47,26.87,100,13278,637.81,2.98,98.9,0,97.1,4.52,93.6,0,0
2026/09/04 05:40,2.6,0,3.38,0.52,1.02,26.47,26.79,100,13278,637.81,2.98,98.9,0,97.1,4.52,93.6,0,0
2026/09/04 05:50,2.6,0,3.39,0.52,1.02,26.47,26.93,100,13278,637.81,2.98,98.9,0,97,4.53,93.6,0,0
2026/09/04 06:00,2.6,0,3.38,0.52,1.02,28.17,26.84,100,13278,637.81,2.98,98.9,0,97,4.53,93.6,0,0
2026/09/04 06:10,2.6,0,3.38,0.52,1.02,26.47,26.88,100,13278,637.81,2.98,98.9,0,97,4.52,93.6,0,0
2026/09/04 06:20,2.6,0,3.39,0.52,1.02,26.47,26.75,100,13278,637.81,2.98,98.9,0,97,4.51,93.6,0,0
2026/09/04 06:30,2.6,0,3.39,0.52,1.02,26.47,25.82,100,13268,637.8,2.98,98.9,0,97,4.53,93.6,0,0
2026/09/04 06:40,2.6,0,3.38,0.52,1.02,26.47,21.17,100,13268,637.8,2.98,98.9,0,97,4.51,93.6,0,0
2026/09/04 06:50,2.6,0,3.39,0.52,1.02,28.18,21.22,100,13268,637.8,2.98,98.9,0,97,4.52,93.6,0,0
2026/09/04 07:00,2.6,0,3.38,0.52,1.02,26.47,22.3,100,13268,637.8,2.98,98.9,0,97,4.52,93.6,0,0
2026/09/04 07:10,2.6,0,3.38,0.52,1.02,26.47,26.81,100,13268,637.8,2.98,98.9,0,96.9,4.53,93.6,0,0
2026/09/04 07:20,2.6,0,3.39,0.52,1.02,26.47,26.77,100,13268,637.8,2.98,98.9,0,96.9,4.53,93.6,0,0
2026/09/04 07:30,2.6,0,3.39,0.52,1.02,26.47,26.89,100,13268,637.8,2.98,98.9,0,96.9,4.51,93.6,0,0
2026/09/04 07:40,2.6,0,3.38,0.52,1.02,26.47,26.69,100,13268,637.8,2.98,98.9,0,96.9,4.51,93.6,0,0
2026/09/04 07:50,2.6,0,3.38,0.52,1.02,26.47,26.56,100,13268,637.8,2.98,98.9,0,96.9,4.52,93.6,0,0
2026/09/04 08:00,2.6,0,3.38,0.52,1.02,26.47,26.49,100,13268,637.8,2.98,98.9,0,96.9,4.51,93.6,0,0
2026/09/04 08:10,2.6,0,3.38,0.52,1.02,26.47,26.62,100,13268,637.8,2.98,98.9,0,96.9,4.52,93.6,0,0
2026/09/04 08:20,2.6,0,3.38,0.52,1.02,26.47,22.19,100,13247,637.78,2.99,98.9,0,96.9,4.51,93.6,0,0
2026/09/04 08:30,2.6,0,3.38,0.52,1.02,28.16,-6.83,100,13257,637.79,2.98,98.9,0,96.9,4.51,93.6,0,0
2026/09/04 08:40,2.6,0,3.38,0.52,1.02,26.45,41.24,100,13251,637.78,2.98,98.9,0,96.8,4.51,93.6,0,0
2026/09/04 08:50,2.6,0,3.38,0.52,1.02,26.45,59.98,100,13261,637.79,2.98,98.9,0,96.8,4.51,93.6,0,0
2026/09/04 09:00,2.61,0.01,3.38,0.52,1.02,26.45,52.51,100,13261,637.79,2.98,98.9,0,96.8,4.51,93.6,0,0
2026/09/04 09:10,2.61,0,3.38,0.52,1.02,26.45,37.23,100,13261,637.79,2.98,98.9,0,96.8,4.51,93.6,0,0
2026/09/04 09:20,2.61,0,3.38,0.52,1.02,26.45,27.29,100,13261,637.79,2.98,98.9,0,96.8,4.51,93.6,0,0
2026/09/04 09:30,2.61,0,3.38,0.52,1.02,26.45,26.82,100,13261,637.79,2.98,98.9,0,96.8,4.51,93.6,0,0
2026/09/04 09:40,2.61,0,3.38,0.52,1.02,26.45,26.91,100,13261,637.79,2.98,98.9,0,96.8,4.51,93.6,0,0
2026/09/04 09:50,2.61,0,3.38,0.52,1.02,26.45,26.9,100,13261,637.79,2.98,98.9,0,96.8,4.51,93.6,0,0
2026/09/04 10:00,2.61,0,3.38,0.52,1.02,26.45,26.81,100,13261,637.79,2.99,98.9,0,96.8,4.51,93.6,0,0
2026/09/04 10:10,2.61,0,3.38,0.52,1.02,28.15,26.7,100,13261,637.79,2.99,98.9,0,96.8,4.51,93.6,0,0
2026/09/04 10:20,2.61,0,3.38,0.52,1.02,28.15,26.88,100,13261,637.79,2.98,98.9,0,96.7,4.51,93.6,0,0
2026/09/04 10:30,2.61,0,3.38,0.52,1.02,26.45,26.82,100,13261,637.79,2.99,98.9,0,96.7,4.51,93.6,0,0
2026/09/04 10:40,2.61,0,3.39,0.52,1.02,26.45,26.8,100,13261,637.79,2.98,98.9,0,96.7,5.58,93.6,0,0
2026/09/04 10:50,2.61,0,3.38,0.52,1.02,26.45,26.83,100,13261,637.79,2.98,98.9,0,96.7,5.58,93.6,0,0
2026/09/04 11:00,2.61,0,3.38,0.52,1.02,28.15,26.78,100,13261,637.79,2.99,98.9,0,96.7,5.59,93.6,0,0
2026/09/04 11:10,2.61,0,3.38,0.52,1.02,28.15,27.04,100,13261,637.79,2.99,98.9,0,96.7,6.7,93.5,0,0
2026/09/04 11:20,2.61,0,3.39,0.52,1.02,28.15,21.22,100,13251,637.78,2.99,98.9,0,96.6,6.7,93.5,0,0
2026/09/04 11:30,2.61,0,3.38,0.52,1.01,28.15,21.11,100,13251,637.78,2.99,98.9,0,96.7,6.7,93.5,0,0
2026/09/04 11:40,2.6,-0.01,3.38,0.53,1.02,26.45,21.14,100,13251,637.78,2.98,98.9,0,96.7,7.92,93.5,0,0
2026/09/04 11:50,2.6,0,3.37,0.54,1.02,26.45,26.83,100,13251,637.78,2.99,98.9,0,96.6,7.93,93.4,0,0
2026/09/04 12:00,2.6,0,3.37,0.54,1.02,26.45,26.79,100,13251,637.78,2.98,98.9,0,96.6,7.88,93.4,0,0
2026/09/04 12:10,2.6,0,3.38,0.55,1.01,26.45,26.73,100,13251,637.78,2.99,98.9,0,96.6,8.97,93.4,0,0
2026/09/04 12:20,2.6,0,3.38,0.56,1.01,26.45,26.74,100,13251,637.78,2.99,98.9,0,96.6,8.95,93.4,0,0
2026/09/04 12:30,2.6,0,3.37,0.57,1.01,26.45,26.78,100,13251,637.78,2.99,98.9,0,96.6,8.99,93.4,0,0
2026/09/04 12:40,2.6,0,3.38,0.58,1.01,26.45,26.89,100,13251,637.78,2.99,98.9,0,96.6,9.51,93.3,0,0
2026/09/04 12:50,2.6,0,3.39,0.59,1.01,26.45,25.67,100,13241,637.77,2.99,98.9,0,96.6,9.51,93.3,0,0
2026/09/04 13:00,2.6,0,3.38,0.6,1.01,26.45,21.2,100,13241,637.77,2.98,98.9,0,96.6,9.52,93.2,0,0
2026/09/04 13:10,2.6,0,3.37,0.61,1.01,26.45,21.17,100,13241,637.77,2.99,98.9,0,96.5,9.52,93.2,0,0
2026/09/04 13:20,2.6,0,3.38,0.62,1.01,26.45,22.28,100,13241,637.77,2.98,98.9,0,96.5,9.52,93.2,0,0
2026/09/04 13:30,2.6,0,3.38,0.63,1.01,26.45,26.78,100,13241,637.77,2.99,98.9,0,96.5,9.52,93.2,0,0
2026/09/04 13:40,2.59,-0.01,3.37,0.64,1.01,28.16,26.75,100,13241,637.77,2.98,98.9,163.12,96.4,9.52,93.1,0,0
2026/09/04 13:50,2.59,0,3.37,0.64,1.01,28.16,25.68,100,13231,637.76,2.99,98.9,164.79,96.4,9.52,93.1,0,0
2026/09/04 14:00,2.59,0,3.38,0.65,1.01,26.46,21.36,100,13215,637.75,2.99,98.9,163.38,96.4,9.52,93,0,0
2026/09/04 14:10,2.59,0,3.38,0.65,1.01,28.15,-13.21,100,13215,637.75,2.99,98.9,161.95,96.4,9.52,93,0,0
2026/09/04 14:20,2.6,0.01,3.37,0.65,1.01,28.14,3.65,100,13219,637.75,2.99,98.9,163.66,96.4,9.52,93,0,0
2026/09/04 14:30,2.59,-0.01,3.37,0.65,1.01,28.12,22.08,100,13228,637.76,2.99,98.9,165.45,96.4,9.52,93,0,0
2026/09/04 14:40,2.6,0.01,3.37,0.65,1.01,26.41,29.2,100,13223,637.76,2.99,98.9,163.99,96.4,9.53,92.9,0,0
2026/09/04 14:50,2.6,0,3.37,0.65,1.01,26.4,29.14,100,13233,637.77,2.99,98.9,164.13,96.4,9.53,92.9,0,0
2026/09/04 15:00,2.59,-0.01,3.38,0.66,1.01,26.39,28.5,100,13228,637.76,2.98,98.9,164.31,96.4,9.53,92.8,0,0
2026/09/04 15:10,2.59,0,3.37,0.66,1.01,26.38,30.41,100,13238,637.77,2.99,98.9,0,96.5,9.53,92.8,0,0
2026/09/04 15:20,2.59,0,3.36,0.66,1.01,26.36,28.73,100,13243,637.77,2.99,98.9,0,96.4,9.53,92.8,0,0
2026/09/04 15:30,2.59,0,3.37,0.66,1.01,28.04,30.3,100,13243,637.77,2.99,98.9,0,96.4,9.53,92.8,0,0
2026/09/04 15:40,2.59,0,3.37,0.66,1.01,26.34,29.88,100,13248,637.78,2.98,98.9,82.68,96.4,9.53,92.7,0,0
2026/09/04 15:50,2.59,0,3.37,0.66,1.01,26.33,30.33,100,13253,637.78,2.99,98.9,81.1,96.4,9.53,92.7,0,0
2026/09/04 16:00,2.59,0,3.37,0.66,1.01,26.32,29.16,100,13253,637.78,2.99,98.9,81.13,96.4,9.53,92.6,0,0
2026/09/04 16:10,2.59,0,3.37,0.66,1.01,27.98,27.7,100,13258,637.79,2.99,98.9,81.17,96.3,9.53,92.6,0,0
2026/09/04 16:20,2.59,0,3.37,0.66,1.01,27.97,28.23,100,13253,637.78,2.99,98.9,81.21,96.4,9.54,92.6,0,0
2026/09/04 16:30,2.59,0,3.37,0.66,1.01,26.28,29.27,100,13258,637.79,2.99,98.9,81.22,96.3,9.54,92.6,0,0
2026/09/04 16:40,2.59,0,3.37,0.65,1.01,26.27,30.44,100,13268,637.8,2.99,98.9,0,96.4,9.54,92.5,0,0
2026/09/04 16:50,2.59,0,3.37,0.66,1.01,26.26,29.2,100,13264,637.79,2.99,98.9,0,96.3,9.54,92.5,0,0
2026/09/04 17:00,2.59,0,3.37,0.65,1.01,27.91,30.17,100,13274,637.8,2.98,98.9,0,96.3,9.54,92.4,0,0
2026/09/04 17:10,2.59,0,3.37,0.65,1.01,27.89,69.61,100,13274,637.8,2.99,98.9,0,96.3,9.54,92.4,0,0
2026/09/04 17:20,2.59,0,3.37,0.66,1.01,26.23,60.69,100,13269,637.8,2.99,98.9,0,96.3,9.54,92.4,0,0
2026/09/04 17:30,2.59,0,3.37,0.66,1.01,27.89,45.4,100,13269,637.8,2.99,98.9,0,96.3,9.54,92.4,0,0
2026/09/04 17:40,2.59,0,3.37,0.66,1.01,26.23,32.01,100,13269,637.8,2.99,98.9,83.32,96.3,9.54,92.3,0,0
2026/09/04 17:50,2.59,0,3.37,0.66,1.01,27.89,27.08,100,13269,637.8,2.98,98.9,83.22,96.3,9.54,92.3,0,0
2026/09/04 18:00,2.58,-0.01,3.37,0.65,1.01,26.23,27.24,100,13269,637.8,2.98,98.9,83.38,96.3,9.55,92.2,0,0
2026/09/04 18:10,2.58,0,3.37,0.65,1.01,26.23,27.04,100,13269,637.8,2.98,98.9,83.42,96.2,9.55,92.2,0,0
2026/09/04 18:20,2.58,0,3.37,0.65,1.01,27.89,26.96,100,13269,637.8,2.99,98.9,164.81,96.2,9.55,92.2,0,0
2026/09/04 18:30,2.58,0,3.37,0.65,1.01,27.89,27.02,100,13269,637.8,2.99,98.9,164.13,96.2,9.55,92.1,0,0
2026/09/04 18:40,2.58,0,3.37,0.65,1.01,26.23,26.92,100,13269,637.8,2.98,98.9,163.81,96.2,9.55,92.1,0,0
2026/09/04 18:50,2.58,0,3.37,0.65,1.01,27.9,24.63,100,13259,637.79,2.99,98.9,165.26,96.2,9.55,92.1,0,0
2026/09/04 19:00,2.58,0,3.38,0.65,1.01,26.24,21.24,100,13259,637.79,2.99,98.9,167.04,96.2,9.55,92.1,0,0
2026/09/04 19:10,2.58,0,3.37,0.65,1.01,27.9,21.26,100,13259,637.79,2.98,98.9,166.71,96.2,9.55,92,0,0
2026/09/04 19:20,2.58,0,3.38,0.65,1.01,26.24,23.6,100,13259,637.79,2.99,98.9,165.53,96.2,9.55,92,0,0
2026/09/04 19:30,2.58,0,3.38,0.65,1.01,26.24,26.94,100,13259,637.79,2.99,98.9,167.5,96.1,9.56,91.9,0,0
2026/09/04 19:40,2.58,0,3.38,0.65,1.01,26.24,26.89,100,13259,637.79,2.98,98.9,166,96.1,9.56,91.9,0,0
2026/09/04 19:50,2.58,0,3.37,0.65,1.01,27.91,22.3,100,13248,637.78,2.99,98.9,167.8,96.1,9.56,91.9,0,0
2026/09/04 20:00,2.58,0,3.37,0.65,1.01,26.24,21.18,100,13248,637.78,2.99,98.9,167.94,96.1,9.56,91.9,0,0
2026/09/04 20:10,2.58,0,3.37,0.65,1.01,27.91,21.2,100,13248,637.78,2.98,98.9,0,96.2,9.56,91.8,0,0
2026/09/04 20:20,2.58,0,3.37,0.65,1.01,26.24,25.71,100,13248,637.78,2.99,98.9,0,96.2,9.56,91.8,0,0
2026/09/04 20:30,2.58,0,3.38,0.65,1.01,27.91,26.9,100,13248,637.78,2.98,98.9,0,96.2,9.56,91.7,1,1
2026/09/04 20:40,2.58,0,3.37,0.65,1.01,26.24,26.98,100,13248,637.78,2.98,98.9,0,96.1,9.56,91.7,0,1
2026/09/04 20:50,2.58,0,3.38,0.65,1.01,26.25,24.72,100,13238,637.77,2.99,98.9,0,96.1,9.56,91.7,0,1
2026/09/04 21:00,2.58,0,3.38,0.65,1.01,26.25,21.46,100,13238,637.77,2.99,98.9,0,96.1,9.56,91.7,0,1
2026/09/04 21:10,2.58,0,3.37,0.65,1.02,27.91,21.48,100,13238,637.77,2.99,98.9,0,96.1,9.57,91.6,0,1
2026/09/04 21:20,2.58,0,3.38,0.65,1.03,27.91,23.68,100,13238,637.77,2.99,98.9,0,96.1,9.57,91.6,0,1
2026/09/04 21:30,2.58,0,3.37,0.65,1.02,26.25,27.17,100,13238,637.77,2.99,98.9,0,96.1,9.57,91.5,0,1
2026/09/04 21:40,2.58,0,3.37,0.65,1.03,27.91,27.02,100,13238,637.77,2.99,98.9,0,96.1,9.57,91.5,2,3
2026/09/04 21:50,2.59,0.01,3.38,0.65,1.03,27.92,25.85,100,13228,637.76,2.99,98.9,0,96.1,9.57,91.5,2,5
2026/09/04 22:00,2.6,0.01,3.39,0.65,1.04,27.92,21.37,100,13228,637.76,2.99,98.9,0,96.1,9.57,91.5,1,6
2026/09/04 22:10,2.62,0.02,3.39,0.65,1.04,26.25,21.4,100,13228,637.76,2.98,98.9,0,96.1,9.57,91.4,1,7
2026/09/04 22:20,2.61,-0.01,3.41,0.65,1.04,26.25,22.61,100,13228,637.76,2.99,98.9,0,96,9.57,91.4,0,7
2026/09/04 22:30,2.62,0.01,3.4,0.65,1.04,26.25,27.01,100,13228,637.76,2.99,98.9,0,96,9.57,91.3,0,7
2026/09/04 22:40,2.62,0,3.41,0.65,1.04,27.92,26.98,100,13228,637.76,2.99,98.9,0,96,9.57,91.3,0,7
2026/09/04 22:50,2.63,0.01,3.4,0.66,1.04,27.92,27.02,100,13228,637.76,2.99,98.9,0,96,9.58,91.3,1,8
2026/09/04 23:00,2.64,0.01,3.41,0.66,1.05,27.92,27.04,100,13228,637.76,2.99,98.9,0,96,9.58,91.3,0,8
2026/09/04 23:10,2.64,0,3.4,0.66,1.05,27.92,27.13,100,13228,637.76,2.98,98.9,0,96,9.58,91.2,0,8
2026/09/04 23:20,2.64,0,3.41,0.67,1.05,27.92,27.09,100,13228,637.76,2.99,98.9,0,96,9.58,91.2,1,9
2026/09/04 23:30,2.64,0,3.4,0.68,1.05,27.92,27.07,100,13228,637.76,2.98,98.9,0,96,9.58,91.2,0,9
2026/09/04 23:40,2.64,0,3.4,0.68,1.05,27.92,22,100,13218,637.75,2.99,98.9,0,96,9.58,91.1,1,10
2026/09/04 23:50,2.65,0.01,3.41,0.68,1.05,27.92,21.43,100,13218,637.75,2.98,98.9,0,96,9.58,91.1,0,10
2026/09/05 00:00,2.65,0,3.41,0.68,1.05,27.92,21.42,100,13218,637.75,2.99,98.9,0,95.9,9.58,91.1,0,10
2026/09/05 00:10,2.66,0.01,3.4,0.68,1.05,26.26,26.42,100,13218,637.75,2.99,98.9,0,95.9,9.58,91.1,1,11
2026/09/05 00:20,2.67,0.01,3.42,0.67,1.05,27.92,26.89,100,13218,637.75,2.99,98.9,0,95.9,9.58,91,0,11
2026/09/05 00:30,2.74,0.07,3.41,0.67,1.05,27.92,27,100,13218,637.75,2.99,98.9,0,95.9,9.58,91,1,12
2026/09/05 00:40,2.77,0.03,3.41,0.67,1.04,27.92,26.98,100,13218,637.75,2.99,98.9,0,95.9,9.58,91,0,12
2026/09/05 00:50,2.78,0.01,3.42,0.67,1.04,27.92,27.02,100,13218,637.75,2.99,98.9,0,95.9,9.59,90.9,0,12
2026/09/05 01:00,2.79,0.01,3.41,0.67,1.04,27.92,27.01,100,13218,637.75,2.99,98.9,0,95.9,9.59,90.9,0,12
2026/09/05 01:10,2.79,0,3.42,0.67,1.04,27.92,27.06,100,13218,637.75,2.99,98.9,0,95.9,9.59,90.9,0,12
2026/09/05 01:20,2.8,0.01,3.42,0.67,1.04,27.92,27.04,100,13218,637.75,2.99,98.9,0,95.9,9.59,90.9,0,12
2026/09/05 01:30,2.82,0.02,3.42,0.67,1.04,27.92,27.06,100,13218,637.75,2.99,98.9,0,95.9,9.59,90.9,0,12
2026/09/05 01:40,2.84,0.02,3.42,0.67,1.03,26.26,27.01,100,13218,637.75,2.99,98.9,0,95.9,9.59,90.9,0,12
2026/09/05 01:50,2.84,0,3.43,0.67,1.03,26.26,27.05,100,13218,637.75,2.99,98.9,0,95.8,9.59,90.9,0,12
2026/09/05 02:00,2.84,0,3.44,0.67,1.03,26.26,27.01,100,13218,637.75,2.99,98.9,0,95.8,9.59,90.9,1,13
2026/09/05 02:10,2.83,-0.01,3.45,0.67,1.03,27.92,27.02,100,13218,637.75,2.99,98.9,0,95.8,9.59,90.9,0,13
2026/09/05 02:20,2.83,0,3.47,0.67,1.04,27.92,27.17,100,13218,637.75,2.99,99,0,95.8,9.59,90.9,0,13
2026/09/05 02:30,2.82,-0.01,3.47,0.67,1.04,27.92,27.12,100,13218,637.75,2.99,99,0,95.8,9.59,90.8,0,13
2026/09/05 02:40,2.82,0,3.48,0.67,1.03,26.26,27.06,100,13218,637.75,2.99,99,0,95.8,9.59,90.8,0,13
2026/09/05 02:50,2.81,-0.01,3.49,0.67,1.04,26.26,27.08,100,13218,637.75,2.99,99,0,95.8,9.59,90.8,0,13
2026/09/05 03:00,2.81,0,3.49,0.67,1.04,26.25,28.24,100,13228,637.76,2.99,99,0,95.8,9.59,90.8,0,13
2026/09/05 03:10,2.8,-0.01,3.51,0.67,1.03,26.25,32.64,100,13228,637.76,2.99,99,0,95.7,9.59,90.8,0,13
2026/09/05 03:20,2.79,-0.01,3.51,0.67,1.03,26.25,32.72,100,13228,637.76,2.99,99,0,95.7,9.59,90.7,1,14
2026/09/05 03:30,2.79,0,3.51,0.67,1.04,26.25,31.48,100,13228,637.76,2.99,99,0,95.7,9.59,90.7,0,14
2026/09/05 03:40,2.78,-0.01,3.5,0.67,1.03,26.25,27.05,100,13228,637.76,2.99,99,0,95.7,9.59,90.7,0,14
2026/09/05 03:50,2.78,0,3.51,0.67,1.03,26.25,26.96,100,13228,637.76,2.99,99,0,95.7,9.6,90.6,0,14
2026/09/05 04:00,2.78,0,3.5,0.67,1.03,27.92,26.93,100,13228,637.76,2.99,99,0,95.7,9.6,90.6,0,14
2026/09/05 04:10,2.77,-0.01,3.49,0.67,1.03,27.92,26.93,100,13228,637.76,2.99,99,0,95.7,9.6,90.6,0,14
2026/09/05 04:20,2.77,0,3.49,0.67,1.03,26.25,27.06,100,13228,637.76,2.99,99,0,95.7,9.6,90.6,0,14
2026/09/05 04:30,2.77,0,3.49,0.67,1.04,27.92,27.05,100,13228,637.76,2.99,99,0,95.7,9.6,90.6,0,14
2026/09/05 04:40,2.76,-0.01,3.49,0.67,1.04,26.25,26.88,100,13228,637.76,2.99,99,0,95.6,9.6,90.6,0,14
2026/09/05 04:50,2.76,0,3.48,0.67,1.04,26.25,26.95,100,13228,637.76,2.99,99,0,95.7,9.6,90.6,0,14
2026/09/05 05:00,2.75,-0.01,3.48,0.67,1.03,27.92,26.9,100,13228,637.76,2.99,99,0,95.6,9.6,90.6,0,14
2026/09/05 05:10,2.75,0,3.48,0.67,1.04,26.25,26.99,100,13228,637.76,2.99,99,0,95.6,9.6,90.5,0,14
2026/09/05 05:20,2.75,0,3.46,0.67,1.04,27.92,27.08,100,13228,637.76,2.99,99,0,95.6,9.6,90.5,0,14
2026/09/05 05:30,2.75,0,3.47,0.67,1.04,27.92,27.02,100,13228,637.76,2.99,99,0,95.6,9.6,90.5,1,15
2026/09/05 05:40,2.75,0,3.47,0.67,1.04,27.92,27.08,100,13228,637.76,2.99,99,0,95.6,9.6,90.5,0,15
2026/09/05 05:50,2.74,-0.01,3.48,0.67,1.04,26.25,27.05,100,13228,637.76,2.99,99,0,95.6,9.6,90.4,0,15
2026/09/05 06:00,2.75,0.01,3.46,0.67,1.04,26.25,26.94,100,13228,637.76,2.99,99,0,95.6,9.6,90.4,0,15
2026/09/05 06:10,2.74,-0.01,3.46,0.67,1.04,26.25,26.87,100,13228,637.76,2.99,99,0,95.6,9.6,90.4,0,15
2026/09/05 06:20,2.74,0,3.47,0.67,1.04,26.25,26.9,100,13228,637.76,2.99,99,0,95.5,9.6,90.4,0,15
2026/09/05 06:30,2.74,0,3.46,0.67,1.04,26.25,26.9,100,13228,637.76,2.99,99,0,95.5,9.6,90.4,0,15
2026/09/05 06:40,2.74,0,3.45,0.67,1.04,26.25,26.84,100,13228,637.76,2.99,99,0,95.5,9.6,90.4,0,15
2026/09/05 06:50,2.73,-0.01,3.46,0.67,1.04,26.25,26.83,100,13228,637.76,2.99,99,0,95.5,9.6,90.4,0,15
2026/09/05 07:00,2.73,0,3.45,0.67,1.04,27.92,26.92,100,13228,637.76,2.99,99,0,95.5,9.6,90.3,0,15
2026/09/05 07:10,2.73,0,3.46,0.67,1.04,26.25,26.97,100,13228,637.76,2.99,99,0,95.5,9.61,90.3,0,15
2026/09/05 07:20,2.73,0,3.45,0.67,1.04,26.25,26.98,100,13228,637.76,2.99,99,0,95.5,9.61,90.3,0,15
2026/09/05 07:30,2.73,0,3.46,0.67,1.04,26.25,26.97,100,13228,637.76,2.99,99,0,95.5,9.61,90.2,0,15
2026/09/05 07:40,2.73,0,3.45,0.67,1.04,26.25,26.93,100,13228,637.76,2.99,99,0,95.4,9.61,90.2,0,15
2026/09/05 07:50,2.72,-0.01,3.45,0.67,1.04,27.92,26.99,100,13228,637.76,2.99,99,0,95.4,9.61,90.2,0,15
2026/09/05 08:00,2.72,0,3.45,0.67,1.04,26.25,27.07,100,13228,637.76,2.99,99,0,95.4,9.61,90.2,0,15
2026/09/05 08:10,2.72,0,3.45,0.67,1.03,26.25,26.96,100,13228,637.76,4.94,99,0,95.4,9.61,90.2,0,15
2026/09/05 08:20,2.72,0,3.45,0.67,1.04,27.92,26.91,100,13228,637.76,5.91,99,0,95.4,9.61,90.1,0,15
2026/09/05 08:30,2.71,-0.01,3.44,0.67,1.04,26.25,26.85,100,13228,637.76,5.89,99.1,0,95.4,9.61,90.1,0,15
2026/09/05 08:40,2.71,0,3.44,0.67,1.04,26.25,26.83,100,13228,637.76,5.9,99,0,95.4,9.61,90.1,0,15
2026/09/05 08:50,2.71,0,3.44,0.67,1.03,26.25,26.89,100,13228,637.76,5.89,99,0,95.4,9.61,90,0,15
2026/09/05 09:00,2.71,0,3.43,0.67,1.04,26.25,27.01,100,13228,637.76,5.89,99,0,95.4,9.61,90,0,15
2026/09/05 09:10,2.71,0,3.44,0.67,1.04,27.92,27.09,100,13228,637.76,5.89,99,0,95.3,9.61,90,0,15
2026/09/05 09:20,2.7,-0.01,3.44,0.67,1.04,27.92,27.04,100,13228,637.76,5.89,99,0,95.3,9.61,90,0,15
2026/09/05 09:30,2.71,0.01,3.44,0.67,1.04,27.92,27.09,100,13228,637.76,5.89,99,0,95.3,9.61,90,0,15
2026/09/05 09:40,2.7,-0.01,3.43,0.67,1.04,26.25,27.23,100,13228,637.76,5.89,99,0,95.3,9.61,90,0,15
2026/09/05 09:50,2.7,0,3.44,0.67,1.04,27.92,27.07,100,13228,637.76,5.9,99,0,95.3,9.61,90,0,15
2026/09/05 10:00,2.7,0,3.43,0.67,1.04,27.92,27.1,100,13228,637.76,5.9,99,0,95.3,9.61,90,0,15
2026/09/05 10:10,2.7,0,3.43,0.67,1.04,27.92,27.08,100,13228,637.76,5.89,99,0,95.3,9.61,90,0,15
2026/09/05 10:20,2.7,0,3.43,0.67,1.04,26.25,27.12,100,13228,637.76,5.89,99,0,95.3,9.61,89.9,0,15
2026/09/05 10:30,2.69,-0.01,3.43,0.67,1.04,26.25,27.02,100,13228,637.76,5.89,99,0,95.3,9.61,89.9,0,15
2026/09/05 10:40,2.69,0,3.43,0.67,1.04,26.25,27,100,13228,637.76,5.9,99,0,95.2,9.61,89.8,0,15
2026/09/05 10:50,2.69,0,3.43,0.67,1.04,26.25,29.33,100,13228,637.76,5.9,99,0,95.3,9.61,89.8,0,15
2026/09/05 11:00,2.69,0,3.43,0.67,1.04,26.26,41.81,100,13243,637.78,5.9,99,0,95.2,9.61,89.8,0,15
2026/09/05 11:10,2.69,0,3.43,0.67,1.04,27.94,44.6,100,13238,637.77,5.9,99,0,95.2,9.61,89.8,0,15
2026/09/05 11:20,2.69,0,3.43,0.67,1.04,27.95,41.19,100,13233,637.77,5.9,99,0,95.2,9.61,89.8,0,15
2026/09/05 11:30,2.69,0,3.42,0.67,1.03,26.3,27.06,100,13228,637.76,5.89,99,0,95.2,9.61,89.7,0,15
2026/09/05 11:40,2.68,-0.01,3.42,0.67,1.03,27.99,24.21,100,13218,637.75,5.89,99,0,95.2,9.61,89.7,0,15
2026/09/05 11:50,2.69,0.01,3.41,0.67,1.03,26.33,24.44,100,13218,637.75,5.93,99,0,95.2,9.61,89.7,0,15
2026/09/05 12:00,2.68,-0.01,3.41,0.68,1.03,28.02,25.46,100,13213,637.75,5.93,99,0,95.1,9.61,89.7,0,15
2026/09/05 12:10,2.68,0,3.42,0.67,1.03,26.35,23.87,100,13208,637.74,5.93,99,0,95.2,9.61,89.7,0,15
2026/09/05 12:20,2.68,0,3.41,0.67,1.03,26.37,23.93,100,13197,637.73,5.93,99,0,95.2,9.61,89.6,0,15
2026/09/05 12:30,2.68,0,3.41,0.67,1.03,28.08,31.86,100,13197,637.73,5.94,99,0,95.1,9.61,89.6,0,15
2026/09/05 12:40,2.68,0,3.4,0.67,1.03,26.41,34.09,100,13187,637.72,5.93,99,0,95.1,9.61,89.5,0,15
2026/09/05 12:50,2.68,0,3.41,0.67,1.03,26.43,27.35,100,13182,637.72,5.93,99,0,95.1,9.61,89.5,0,15
2026/09/05 13:00,2.67,-0.01,3.4,0.67,1.03,26.45,25.44,100,13162,637.7,5.94,99,0,95.1,9.61,89.5,0,15
2026/09/05 13:10,2.67,0,3.4,0.67,1.03,28.16,24.38,100,13158,637.7,5.93,99,0,95.1,9.61,89.5,0,15
2026/09/05 13:20,2.67,0,3.4,0.67,1.03,28.18,20.38,100,13154,637.69,5.94,99,0,95.1,9.61,89.5,0,15
2026/09/05 13:30,2.67,0,3.4,0.67,1.03,28.2,21.68,100,13150,637.69,5.94,99,0,95.1,9.61,89.4,0,15
2026/09/05 13:40,2.67,0,3.4,0.67,1.03,26.49,23.5,100,13145,637.69,5.93,99,0,95.1,9.61,89.4,0,15
2026/09/05 13:50,2.67,0,3.4,0.67,1.03,26.5,22.71,100,13135,637.68,5.93,99,0,95.1,9.61,89.3,0,15
2026/09/05 14:00,2.66,-0.01,3.4,0.67,1.03,28.21,22.06,100,13135,637.68,5.94,99,0,95.1,9.61,89.3,0,15
2026/09/05 14:10,2.67,0.01,3.39,0.67,1.03,26.5,21.54,100,13135,637.68,5.93,99,0,95,9.61,89.3,0,15
2026/09/05 14:20,2.67,0,3.39,0.67,1.03,26.5,24.39,100,13135,637.68,5.94,99,0,95,9.61,89.3,0,15
2026/09/05 14:30,2.67,0,3.4,0.67,1.03,26.5,26.59,100,13135,637.68,5.93,99,0,95,9.61,89.2,0,15
2026/09/05 14:40,2.67,0,3.39,0.67,1.03,26.5,26.73,100,13135,637.68,5.94,99,0,95,9.61,89.2,0,15
2026/09/05 14:50,2.66,-0.01,3.39,0.67,1.03,26.5,26.89,100,13135,637.68,5.93,99,0,95,9.61,89.2,0,15
2026/09/05 15:00,2.66,0,3.39,0.67,1.02,26.5,26.81,100,13135,637.68,5.93,99,0,95,9.61,89.1,0,15
2026/09/05 15:10,2.66,0,3.39,0.67,1.02,28.21,23.27,100,13125,637.67,5.94,99,0,95,9.61,89.1,0,15
2026/09/05 15:20,2.66,0,3.39,0.67,1.02,28.21,21.03,100,13125,637.67,5.93,99,0,95,9.61,89.1,0,15
2026/09/05 15:30,2.66,0,3.39,0.67,1.02,28.21,21.17,100,13125,637.67,5.93,99,0,95,9.61,89.1,0,15
2026/09/05 15:40,2.66,0,3.39,0.67,1.02,26.5,24.74,100,13125,637.67,5.93,99,0,94.9,9.61,89,0,15
2026/09/05 15:50,2.66,0,3.39,0.67,1.02,26.5,26.82,100,13125,637.67,5.93,99,0,94.9,9.61,89,0,15
2026/09/05 16:00,2.65,-0.01,3.39,0.67,1.02,26.5,26.68,100,13125,637.67,5.93,99,0,94.9,9.61,89,0,15
2026/09/05 16:10,2.65,0,3.38,0.67,1.02,26.51,23.77,100,13114,637.66,5.94,99,0,94.9,9.61,88.9,0,15
2026/09/05 16:20,2.65,0,3.4,0.67,1.02,26.51,21.05,100,13114,637.66,5.94,99,0,94.9,9.61,88.9,0,15
2026/09/05 16:30,2.65,0,3.39,0.67,1.02,28.22,21.09,100,13114,637.66,5.94,99,0,94.9,9.61,88.9,0,15
2026/09/05 16:40,2.65,0,3.39,0.67,1.02,26.51,23.97,100,13109,637.65,5.93,99,0,94.9,9.61,88.9,0,15
2026/09/05 16:50,2.65,0,3.39,0.67,1.02,26.5,-6.62,100,13093,637.64,5.93,99,0,94.9,9.61,88.8,0,15
2026/09/05 17:00,2.65,0,3.4,0.67,1.02,26.49,-1.45,100,13103,637.65,5.93,99,0,94.8,9.61,88.8,0,15
2026/09/05 17:10,2.65,0,3.39,0.67,1.02,26.47,8.86,100,13102,637.65,5.93,99,80.32,94.8,9.61,88.8,0,15
2026/09/05 17:20,2.65,0,3.39,0.66,1.02,28.16,20.56,100,13101,637.65,5.94,99,128.04,94.8,9.61,88.8,0,15
2026/09/05 17:30,2.65,0,3.4,0.66,1.02,28.14,28.68,100,13112,637.66,5.93,99,163.1,94.8,9.61,88.7,0,0
2026/09/05 17:40,2.65,0,3.39,0.66,1.02,26.43,33.66,100,13117,637.66,5.93,99,158.69,94.8,9.61,88.7,0,0
2026/09/05 17:50,2.65,0,3.38,0.66,1.02,28.1,34.78,100,13127,637.67,5.93,99,163.42,94.8,9.61,88.6,0,0
2026/09/05 18:00,2.65,0,3.39,0.66,1.02,26.39,32.91,100,13127,637.67,5.93,99,162.15,94.8,9.61,88.6,0,0
2026/09/05 18:10,2.64,-0.01,3.38,0.66,1.02,26.38,33.09,100,13132,637.67,5.93,99,162.77,94.8,9.61,88.6,0,0
2026/09/05 18:20,2.64,0,3.39,0.66,1.02,26.36,28.79,100,13142,637.68,5.94,99,162.46,94.8,9.61,88.6,0,0
2026/09/05 18:30,2.64,0,3.4,0.66,1.02,26.35,31.75,100,13142,637.68,5.93,99,162.46,94.8,9.61,88.6,0,0
2026/09/05 18:40,2.64,0,3.38,0.66,1.02,26.33,33.05,100,13147,637.69,5.93,99,164.22,94.7,9.61,88.5,0,0
2026/09/05 18:50,2.64,0,3.39,0.66,1.02,26.32,31.88,100,13147,637.69,5.93,99,164.7,94.7,9.61,88.5,0,0
2026/09/05 19:00,2.64,0,3.4,0.66,1.02,26.31,28.28,100,13153,637.69,5.93,99,164.53,94.7,9.61,88.4,0,0
2026/09/05 19:10,2.64,0,3.4,0.66,1.02,26.29,30.81,100,13163,637.7,5.93,99,164.52,94.7,9.61,88.4,0,0
2026/09/05 19:20,2.64,0,3.39,0.66,1.02,27.94,32.68,100,13163,637.7,5.93,99,164.84,94.7,9.61,88.4,0,0
2026/09/05 19:30,2.64,0,3.39,0.66,1.02,27.93,30.12,100,13163,637.7,5.93,99,165,94.7,9.61,88.4,0,0
2026/09/05 19:40,2.64,0,3.39,0.66,1.02,26.25,32.42,100,13163,637.7,5.93,99,160.45,94.7,9.61,88.3,0,0
2026/09/05 19:50,2.64,0,3.39,0.66,1.02,27.89,31.89,100,13163,637.7,5.94,99,166.44,94.7,9.61,88.3,0,0
2026/09/05 20:00,2.64,0,3.39,0.66,1.01,26.21,27.98,100,13173,637.71,5.93,99,165.44,94.7,9.61,88.2,0,0
2026/09/05 20:10,2.64,0,3.39,0.66,1.02,27.86,29.16,100,13173,637.71,5.93,99,165.94,94.7,9.61,88.2,0,0
2026/09/05 20:20,2.64,0,3.39,0.66,1.02,27.84,29.81,100,13174,637.71,5.94,99,165.77,94.7,9.61,88.2,0,0
2026/09/05 20:30,2.63,-0.01,3.39,0.66,1.02,26.17,30.1,100,13180,637.72,5.93,99,165.09,94.7,9.61,88.2,0,0
2026/09/05 20:40,2.63,0,3.39,0.66,1.02,27.8,31.57,100,13186,637.72,5.93,99,166.91,94.7,9.61,88.1,0,0
2026/09/05 20:50,2.64,0.01,3.39,0.66,1.02,26.14,29.76,100,13182,637.72,5.93,99,84.12,94.7,9.61,88.1,0,0
2026/09/05 21:00,2.63,-0.01,3.39,0.66,1.02,27.77,60.44,100,13184,637.72,5.94,99,82.5,94.7,9.61,88,0,0
2026/09/05 21:10,2.63,0,3.39,0.66,1.02,27.76,73.98,100,13189,637.73,5.93,98.9,82.53,94.7,9.61,88,0,0
2026/09/05 21:20,2.63,0,3.39,0.66,1.01,27.76,62.62,100,13199,637.73,5.93,98.9,83.05,94.7,9.61,88,0,0
2026/09/05 21:30,2.63,0,3.4,0.66,1.02,26.12,46.83,100,13199,637.73,5.94,98.9,81.8,94.7,9.61,88,0,0
2026/09/05 21:40,2.63,0,3.39,0.66,1.01,27.76,33.79,100,13199,637.73,5.93,98.9,84.27,94.7,9.61,88,0,0
2026/09/05 21:50,2.63,0,3.39,0.66,1.01,26.12,25.37,100,13189,637.73,5.93,98.9,84.29,94.7,9.61,87.9,0,0
2026/09/05 22:00,2.63,0,3.39,0.66,1.01,27.76,21.46,100,13189,637.73,5.93,98.9,84.33,94.7,9.61,87.9,0,0
2026/09/05 22:10,2.63,0,3.4,0.66,1.01,26.12,21.44,100,13189,637.73,5.93,98.9,0,94.7,9.61,87.9,0,0
2026/09/05 22:20,2.63,0,3.4,0.66,1.01,27.76,23.71,100,13189,637.73,5.93,98.9,0,94.7,9.61,87.9,0,0
2026/09/05 22:30,2.63,0,3.4,0.66,1.01,26.12,26.98,100,13189,637.73,5.94,98.9,0,94.7,9.61,87.8,0,0
2026/09/05 22:40,2.63,0,3.39,0.66,1.02,27.76,27.08,100,13189,637.73,5.94,98.9,0,94.6,9.61,87.8,0,0
2026/09/05 22:50,2.63,0,3.39,0.66,1.01,27.76,26.95,100,13189,637.73,5.94,98.9,0,94.6,9.61,87.7,0,0
2026/09/05 23:00,2.63,0,3.39,0.66,1.01,26.13,23.53,100,13179,637.72,5.94,98.9,0,94.6,9.61,87.7,0,0
2026/09/05 23:10,2.63,0,3.39,0.66,1.01,27.77,21.31,100,13179,637.72,5.94,98.9,0,94.6,9.61,87.7,0,0
2026/09/05 23:20,2.63,0,3.4,0.66,1.01,27.77,21.2,100,13179,637.72,5.94,98.9,0,94.6,9.61,87.7,0,0
2026/09/05 23:30,2.63,0,3.39,0.66,1.01,26.13,24.71,100,13179,637.72,5.94,98.9,0,94.6,9.61,87.6,0,0
2026/09/05 23:40,2.63,0,3.4,0.66,1.01,27.77,27.06,100,13179,637.72,5.94,98.9,0,94.6,9.61,87.6,0,0
2026/09/05 23:50,2.63,0,3.39,0.66,1.01,27.77,27.08,100,13179,637.72,5.94,98.9,0,94.6,9.61,87.5,0,0
2026/09/06 00:00,2.63,0,3.4,0.66,1.01,26.13,25.49,100,13168,637.71,5.94,98.9,0,94.6,9.61,87.5,0,0
2026/09/06 00:10,2.63,0,3.39,0.66,1.01,27.77,21.43,100,13168,637.71,3.01,98.9,0,94.5,9.61,87.5,0,0
2026/09/06 00:20,2.62,-0.01,3.4,0.66,1.02,26.13,21.45,100,13168,637.71,3,98.9,0,94.5,9.61,87.5,0,0
2026/09/06 00:30,2.63,0.01,3.4,0.66,1.01,26.13,23.01,100,13168,637.71,3,98.9,0,94.5,9.61,87.4,0,0
2026/09/06 00:40,2.63,0,3.39,0.66,1.01,27.77,26.91,100,13168,637.71,3,98.9,0,94.5,9.61,87.4,0,0
2026/09/06 00:50,2.63,0,3.39,0.65,1.01,26.13,26.89,100,13168,637.71,3.01,98.9,0,94.5,9.61,87.3,0,0
2026/09/06 01:00,2.63,0,3.4,0.65,1.02,26.13,27.02,100,13168,637.71,3.01,98.9,0,94.5,9.61,87.3,0,0
2026/09/06 01:10,2.63,0,3.4,0.65,1.01,26.13,27,100,13168,637.71,3.01,98.9,0,94.5,9.61,87.3,0,0
2026/09/06 01:20,2.63,0,3.4,0.65,1.01,27.78,26.55,100,13158,637.7,3.01,98.9,0,94.5,9.61,87.3,0,0
2026/09/06 01:30,2.63,0,3.4,0.65,1.01,27.78,21.49,100,13158,637.7,3.01,98.9,0,94.5,9.61,87.3,0,0
2026/09/06 01:40,2.63,0,3.4,0.65,1.01,27.78,21.66,100,13158,637.7,3.01,98.9,0,94.4,9.61,87.2,0,0
2026/09/06 01:50,2.63,0,3.39,0.65,1.01,27.78,22.15,100,13158,637.7,3.01,98.9,0,94.4,9.61,87.2,0,0
2026/09/06 02:00,2.63,0,3.4,0.66,1.01,27.78,27.11,100,13158,637.7,3.01,98.9,0,94.4,9.61,87.1,0,0
2026/09/06 02:10,2.62,-0.01,3.39,0.65,1.01,27.78,27.17,100,13158,637.7,3.01,98.9,0,94.4,9.61,87.1,0,0
2026/09/06 02:20,2.62,0,3.39,0.65,1.01,26.14,27.1,100,13158,637.7,3.01,98.9,0,94.4,9.61,87.1,0,0
2026/09/06 02:30,2.62,0,3.4,0.65,1.01,26.14,27.11,100,13158,637.7,3.01,98.9,0,94.4,9.61,87,0,0
2026/09/06 02:40,2.62,0,3.4,0.65,1.01,26.14,26.96,100,13158,637.7,3.01,98.9,0,94.4,9.61,87,0,0
2026/09/06 02:50,2.62,0,3.39,0.65,1.01,27.78,26.94,100,13158,637.7,3.01,98.9,0,94.3,9.61,87,0,0
2026/09/06 03:00,2.62,0,3.39,0.65,1.01,27.78,27.14,100,13158,637.7,3.01,98.9,0,94.3,9.61,87,0,0
2026/09/06 03:10,2.62,0,3.4,0.65,1.01,26.14,27.03,100,13158,637.7,3.01,98.9,0,94.3,9.61,87,0,0
2026/09/06 03:20,2.62,0,3.39,0.65,1.01,26.14,27.11,100,13158,637.7,3,98.9,0,94.3,9.61,86.9,0,0
2026/09/06 03:30,2.62,0,3.4,0.65,1.01,26.14,26.93,100,13158,637.7,3.01,98.9,0,94.3,9.61,86.9,0,0
2026/09/06 03:40,2.61,-0.01,3.39,0.65,1.01,27.78,26.98,100,13158,637.7,3.01,98.9,0,94.3,9.61,86.8,0,0
2026/09/06 03:50,2.61,0,3.39,0.65,1.01,26.14,23.55,100,13148,637.69,3.02,98.9,0,94.2,9.61,86.8,0,0
2026/09/06 04:00,2.61,0,3.39,0.65,1.01,26.14,21.25,100,13148,637.69,3.03,98.9,0,94.3,9.61,86.8,0,0
2026/09/06 04:10,2.61,0,3.39,0.65,1.01,27.79,21.3,100,13148,637.69,3.02,98.9,0,94.3,9.61,86.8,0,0
2026/09/06 04:20,2.61,0,3.39,0.65,1.01,26.14,24.72,100,13148,637.69,3.02,98.9,0,94.2,9.61,86.7,0,0
2026/09/06 04:30,2.62,0.01,3.39,0.65,1.01,26.14,27.01,100,13148,637.69,3.02,98.9,0,94.2,9.61,86.7,0,0
2026/09/06 04:40,2.62,0,3.39,0.65,1.01,26.14,27.04,100,13148,637.69,3.02,98.9,0,94.2,9.61,86.6,0,0
2026/09/06 04:50,2.62,0,0,0.65,1.01,26.14,27,100,13148,637.69,3.02,98.9,0,94.2,9.61,86.6,0,0
2026/09/06 05:00,2.62,0,3.39,0.65,1.01,26.14,27.09,100,13148,637.69,3.02,98.9,0,94.2,9.61,86.6,0,0
2026/09/06 05:10,2.62,0,3.4,0.65,1.01,26.14,27.25,100,13148,637.69,3.02,98.9,0,94.1,9.61,86.6,0,0
2026/09/06 05:20,2.62,0,3.39,0.65,1.01,27.79,27.04,100,13148,637.69,3.02,98.9,0,94.1,9.61,86.5,0,0
2026/09/06 05:30,2.61,-0.01,3.4,0.65,1.01,27.79,26.95,100,13148,637.69,3.02,98.9,0,94.1,9.61,86.5,0,0
2026/09/06 05:40,2.61,0,3.39,0.65,1.01,27.79,27.01,100,13148,637.69,3.02,98.9,0,94.1,9.61,86.4,0,0
2026/09/06 05:50,2.61,0,3.39,0.65,1.01,27.79,27.14,100,13148,637.69,3.02,98.9,0,94.1,9.61,86.4,0,0
2026/09/06 06:00,2.61,0,3.4,0.65,1.01,26.14,27.1,100,13148,637.69,3.03,98.9,0,94.1,9.61,86.4,0,0
2026/09/06 06:10,2.61,0,3.39,0.65,1.01,26.14,27.02,100,13148,637.69,3.02,98.9,0,94.1,9.61,86.4,0,0
2026/09/06 06:20,2.61,0,3.39,0.65,1.01,26.14,26.98,100,13148,637.69,3.02,98.9,0,94.1,9.61,86.3,0,0
2026/09/06 06:30,2.61,0,3.39,0.65,1.01,27.79,24.11,100,13138,637.68,3.03,98.9,0,94,9.61,86.3,0,0
2026/09/06 06:40,2.61,0,3.4,0.65,1.01,27.79,21.29,100,13138,637.68,3.02,98.9,0,94,9.61,86.2,0,0
2026/09/06 06:50,2.61,0,3.39,0.65,1.01,27.79,21.26,100,13138,637.68,3.02,98.9,0,94,9.61,86.2,0,0
2026/09/06 07:00,2.61,0,3.38,0.65,1.01,27.79,24.13,100,13138,637.68,3.03,98.9,0,94,9.61,86.2,0,0
2026/09/06 07:10,2.61,0,3.39,0.65,1.01,26.14,27.02,100,13138,637.68,3.03,98.9,0,94,9.61,86.2,0,0
2026/09/06 07:20,2.62,0.01,3.39,0.65,1.01,27.79,27.23,100,13138,637.68,3.02,98.9,0,94,9.61,86.1,0,0
2026/09/06 07:30,2.61,-0.01,3.39,0.65,1.01,27.79,27.34,100,13138,637.68,3.02,98.9,0,94,9.61,86.1,0,0
2026/09/06 07:40,2.62,0.01,3.39,0.65,1.01,26.15,33.04,100,13133,637.67,3.02,98.9,0,94,9.61,86.1,0,0
2026/09/06 07:50,2.62,0,3.39,0.65,1.01,27.81,38.1,100,13137,637.68,3.02,98.9,0,93.9,9.61,86.1,0,0
2026/09/06 08:00,2.61,-0.01,3.39,0.65,1.01,27.83,35.78,100,13121,637.66,3.03,98.9,0,93.9,9.61,86,0,0
2026/09/06 08:10,2.61,0,3.39,0.65,1.01,26.19,29.76,100,13125,637.67,3.02,98.9,0,93.9,9.61,86,0,0
2026/09/06 08:20,2.61,0,3.4,0.65,1.01,26.21,23.68,100,13114,637.66,3.02,98.9,0,93.9,9.61,85.9,0,0
2026/09/06 08:30,2.61,0,3.39,0.65,1.01,27.88,23.85,100,13108,637.65,3.02,98.9,0,93.9,9.61,85.9,0,0
2026/09/06 08:40,2.61,0,3.38,0.65,1.01,26.23,23.38,100,13103,637.65,3.03,98.9,0,93.9,9.61,85.9,0,0
2026/09/06 08:50,2.6,-0.01,3.38,0.65,1.01,26.25,22.83,100,13097,637.64,3.02,98.9,0,93.9,9.61,85.9,0,0
2026/09/06 09:00,2.6,0,3.39,0.65,1.01,26.26,23.29,100,13092,637.64,3.03,98.9,0,93.9,9.61,85.8,0,0
2026/09/06 09:10,2.6,0,3.39,0.65,1.01,27.94,22.1,100,13087,637.63,3.03,98.9,0,93.8,9.61,85.8,0,0
2026/09/06 09:20,2.61,0.01,3.39,0.65,1.01,26.29,22.67,100,13082,637.63,3.02,98.9,0,93.8,9.61,85.7,0,0
2026/09/06 09:30,2.61,0,3.39,0.65,1.01,26.3,23.24,100,13082,637.63,3.02,98.9,0,93.8,9.61,85.7,0,0
2026/09/06 09:40,2.61,0,3.39,0.65,1.01,26.32,24.11,100,13077,637.62,3.03,98.9,0,93.8,9.61,85.7,0,0
2026/09/06 09:50,2.61,0,3.39,0.65,1.01,28.01,24.22,100,13072,637.62,3.03,98.9,0,93.8,9.61,85.6,0,0
2026/09/06 10:00,2.61,0,3.38,0.65,1.01,28.03,24.05,100,13067,637.62,3.02,98.9,0,93.8,9.61,85.6,0,0
2026/09/06 10:10,2.61,0,3.39,0.65,1.01,28.04,22.65,100,13062,637.61,3.02,98.9,0,93.7,9.61,85.6,0,0
2026/09/06 10:20,2.61,0,3.39,0.65,1.01,26.37,22.12,100,13052,637.6,3.02,98.9,0,93.7,9.61,85.5,0,0
2026/09/06 10:30,2.6,-0.01,3.38,0.65,1.01,26.39,22.05,100,13046,637.6,3.02,98.9,0,93.7,9.61,85.5,0,0
2026/09/06 10:40,2.6,0,3.39,0.65,1.01,26.4,23.06,100,13041,637.59,3.02,98.9,0,93.7,9.61,85.5,0,0
2026/09/06 10:50,2.6,0,3.39,0.65,1.01,26.41,23.15,100,13036,637.59,3.02,98.9,0,93.7,9.61,85.4,0,0
2026/09/06 11:00,2.61,0.01,3.39,0.65,1.01,26.42,26.39,100,13031,637.58,3.03,98.9,0,93.7,9.61,85.4,0,0
2026/09/06 11:10,2.61,0,3.38,0.65,1.01,26.42,25.24,100,13021,637.57,4.92,98.9,0,93.7,5.36,85.4,0,0
2026/09/06 11:20,2.61,0,3.39,0.65,1.01,26.42,24.48,100,13021,637.57,4.91,98.9,0,93.7,5.31,85.4,0,0
2026/09/06 11:30,2.61,0,3.38,0.65,1.01,26.42,22.32,100,13021,637.57,4.91,98.9,0,93.6,5.35,85.4,0,0
2026/09/06 11:40,2.6,-0.01,3.39,0.65,1.01,26.42,24.63,100,13021,637.57,4.91,98.9,0,93.6,5.34,85.4,0,0
2026/09/06 11:50,2.6,0,3.39,0.64,1.01,26.42,26.85,100,13021,637.57,4.92,98.9,0,93.6,5.35,85.4,0,0
2026/09/06 12:00,2.6,0,3.38,0.63,1.01,26.42,26.83,100,13021,637.57,4.94,98.9,0,93.6,5.31,85.4,0,0
2026/09/06 12:10,2.6,0,3.38,0.61,1.01,28.12,26.72,100,13021,637.57,4.94,98.9,0,93.6,5.3,85.4,0,0
2026/09/06 12:20,2.6,0,3.38,0.6,1.01,26.42,26.81,100,13021,637.57,4.95,98.9,0,93.6,5.31,85.4,0,0
2026/09/06 12:30,2.6,0,3.38,0.58,1.01,26.42,26.77,100,13021,637.57,4.95,98.9,0,93.6,5.31,85.4,0,0
2026/09/06 12:40,2.6,0,3.38,0.57,1.01,26.42,26.94,100,13021,637.57,4.94,98.9,0,93.6,5.31,85.4,0,0
2026/09/06 12:50,2.6,0,3.39,0.56,1.01,26.42,26.86,100,13021,637.57,4.94,98.9,0,93.5,5.3,85.4,0,0
2026/09/06 13:00,2.6,0,3.39,0.55,1.01,28.12,26.98,100,13021,637.57,4.94,98.9,0,93.5,5.31,85.4,0,0
2026/09/06 13:10,2.6,0,3.38,0.55,1.01,26.42,26.85,100,13021,637.57,4.94,98.9,0,93.5,5.3,85.4,0,0
2026/09/06 13:20,2.6,0,3.38,0.54,1.01,26.42,26.88,100,13021,637.57,4.94,98.9,0,93.5,5.3,85.4,0,0
2026/09/06 13:30,2.6,0,3.39,0.54,1.01,26.42,26.88,100,13021,637.57,4.94,98.9,0,93.5,5.3,85.4,0,0
2026/09/06 13:40,2.6,0,3.39,0.54,1.01,26.42,26.99,100,13021,637.57,4.94,98.9,0,93.5,5.3,85.3,0,0
2026/09/06 13:50,2.6,0,3.38,0.54,1.01,26.42,26.94,100,13021,637.57,4.94,98.9,0,93.5,5.3,85.3,0,0
2026/09/06 14:00,2.6,0,3.38,0.54,1.01,26.42,26.99,100,13021,637.57,4.94,98.9,0,93.5,5.31,85.3,0,0
2026/09/06 14:10,2.6,0,3.39,0.54,1.01,26.42,26.83,100,13021,637.57,4.95,98.9,0,93.5,5.31,85.3,0,0
2026/09/06 14:20,2.6,0,3.38,0.54,1.01,26.42,26.84,100,13021,637.57,4.94,98.9,0,93.4,5.29,85.3,0,0
2026/09/06 14:30,2.6,0,3.38,0.54,1.01,26.43,24.6,100,13011,637.56,4.94,98.9,0,93.4,5.3,85.3,0,0
2026/09/06 14:40,2.6,0,3.39,0.54,1.01,28.12,21.24,100,13011,637.56,4.95,98.9,0,93.4,5.3,85.3,0,0
2026/09/06 14:50,2.6,0,3.38,0.54,1.01,26.43,21.26,100,13011,637.56,4.94,98.9,0,93.4,5.31,85.3,0,0
2026/09/06 15:00,2.6,0,3.39,0.54,1.01,26.43,23.5,100,13011,637.56,4.95,98.9,0,93.4,5.3,85.3,0,0
2026/09/06 15:10,2.6,0,3.39,0.54,1.01,28.12,26.96,100,13011,637.56,4.94,98.9,163.7,93.3,5.3,85.3,0,0
2026/09/06 15:20,2.6,0,3.38,0.54,1.01,26.43,26.97,100,13011,637.56,4.94,98.9,163.87,93.3,5.3,85.2,0,0
2026/09/06 15:30,2.6,0,3.38,0.54,1.01,26.43,26.81,100,13011,637.56,4.94,98.9,165.59,93.3,5.3,85.2,0,0
2026/09/06 15:40,2.6,0,3.39,0.54,1.01,26.43,26.75,100,13011,637.56,4.94,98.9,162.57,93.3,5.31,85.2,0,0
2026/09/06 15:50,2.6,0,3.38,0.54,1.01,26.43,26.79,100,13011,637.56,4.95,98.9,164.31,93.3,5.3,85.2,0,0
2026/09/06 16:00,2.6,0,3.38,0.54,1.01,28.12,26.86,100,13011,637.56,4.94,98.9,164.47,93.3,5.3,85.2,0,0
2026/09/06 16:10,2.6,0,3.38,0.54,1.01,26.43,26.87,100,13011,637.56,4.94,98.9,164.65,93.3,5.66,85.2,0,0
2026/09/06 16:20,2.6,0,3.38,0.54,1.01,26.43,26.83,100,13011,637.56,4.95,98.9,163.96,93.3,5.66,85.2,0,0
2026/09/06 16:30,2.6,0,3.38,0.54,1.01,26.43,23.95,100,13001,637.56,4.94,98.9,162.07,93.3,5.66,85.2,0,0
2026/09/06 16:40,2.6,0,3.38,0.54,1.01,26.43,21.14,100,13001,637.56,4.94,98.9,163.46,93.3,5.65,85.2,0,0
2026/09/06 16:50,2.6,0,3.38,0.54,1.01,26.43,21.13,100,13001,637.56,4.94,98.9,165.57,93.3,5.65,85.2,0,0
2026/09/06 17:00,2.6,0,3.39,0.54,1.01,28.13,23.96,100,13001,637.56,4.95,98.9,167.04,93.3,5.64,85.2,0,0
2026/09/06 17:10,2.6,0,3.39,0.54,1.01,26.43,26.78,100,13001,637.56,4.94,98.9,167.2,93.2,5.64,85.2,0,0
2026/09/06 17:20,2.61,0.01,3.38,0.54,1.01,26.43,27.02,100,13001,637.56,4.95,98.9,165.7,93.2,5.64,85.2,0,0
2026/09/06 17:30,2.61,0,3.38,0.54,1.01,28.13,26.94,100,13001,637.56,4.94,98.9,165.87,93.2,5.64,85.2,0,0
2026/09/06 17:40,2.6,-0.01,3.39,0.55,1.01,26.43,26.82,100,12991,637.55,4.94,98.9,166.01,93.2,5.66,85.2,0,0
2026/09/06 17:50,2.6,0,3.38,0.55,1.02,28.12,-8.5,100,12986,637.54,4.94,98.9,166.33,93.2,5.66,85.2,0,0
2026/09/06 18:00,2.6,0,3.4,0.55,1.02,26.41,6.29,100,12991,637.55,4.95,98.9,167.31,93.2,5.65,85.2,0,0
2026/09/06 18:10,2.6,0,3.39,0.55,1.02,26.39,22.5,100,12996,637.55,4.94,98.9,168.14,93.2,5.64,85.2,1,1
2026/09/06 18:20,2.6,0,3.4,0.55,1.02,28.07,32.46,100,13006,637.56,4.94,98.9,168.3,93.2,5.64,85.2,0,1
2026/09/06 18:30,2.6,0,3.39,0.55,1.02,26.37,31.4,100,13001,637.56,4.94,98.9,165.2,93.2,5.64,85.2,0,1
2026/09/06 18:40,2.6,0,3.39,0.55,1.02,26.36,31.92,100,13011,637.56,4.94,98.9,165.5,93.2,5.64,85.2,0,1
2026/09/06 18:50,2.59,-0.01,3.39,0.55,1.02,28.03,30.91,100,13016,637.57,4.95,98.9,167.93,93.2,5.64,85.2,0,1
2026/09/06 19:00,2.6,0.01,3.39,0.56,1.02,26.33,32.12,100,13022,637.57,4.95,98.9,168.26,93.2,5.64,85.2,0,1
2026/09/06 19:10,2.6,0,3.39,0.56,1.02,27.99,31,100,13022,637.57,4.94,98.9,169.05,93.2,5.64,85.1,0,1
2026/09/06 19:20,2.6,0,3.39,0.56,1.02,27.98,35.2,100,13027,637.58,4.94,98.9,169.21,93.2,5.65,85.1,0,1
2026/09/06 19:30,2.6,0,3.38,0.56,1.02,27.96,36.51,100,13032,637.58,4.94,98.9,0,93.2,5.64,85.1,0,1
2026/09/06 19:40,2.6,0,3.39,0.56,1.02,26.27,37.19,100,13037,637.59,4.95,98.9,0,93.1,5.64,85.1,0,1
2026/09/06 19:50,2.6,0,3.39,0.56,1.02,26.27,34.12,100,13032,637.58,4.95,98.9,0,93.2,5.65,85.1,0,1
2026/09/06 20:00,2.6,0,3.39,0.56,1.02,26.25,32.02,100,13038,637.59,4.94,98.9,0,93.2,5.64,85.1,0,1
2026/09/06 20:10,2.6,0,3.39,0.56,1.02,26.24,32,100,13048,637.6,3.01,98.9,0,93.1,5.65,85.1,1,2
2026/09/06 20:20,2.6,0,3.39,0.56,1.02,26.23,30.24,100,13044,637.59,3.01,98.9,0,93.2,5.64,85.1,0,2
2026/09/06 20:30,2.6,0,3.39,0.56,1.02,26.21,30.94,100,13050,637.6,3.01,98.9,0,93.1,5.64,85.1,0,2
2026/09/06 20:40,2.6,0,3.4,0.56,1.02,27.86,71.36,100,13055,637.6,3.02,98.9,0,93.1,5.65,85.1,0,2
2026/09/06 20:50,2.6,0,3.39,0.56,1.02,26.2,61.37,100,13065,637.61,3.02,98.9,0,93.1,5.64,85.1,0,2
2026/09/06 21:00,2.6,0,3.39,0.56,1.02,27.86,49.39,100,13065,637.61,3.01,98.9,0,93.1,5.64,85.1,1,3
2026/09/06 21:10,2.6,0,3.39,0.56,1.02,26.2,34.79,100,13065,637.61,3.01,98.9,0,93.1,5.64,85.1,0,3
2026/09/06 21:20,2.6,0,3.4,0.56,1.03,27.86,30.9,100,13065,637.61,3.02,98.9,0,93.1,5.65,85.1,0,3
2026/09/06 21:30,2.6,0,3.39,0.56,1.03,26.2,26.95,100,13065,637.61,3.02,98.9,0,93,5.66,85.1,0,3
2026/09/06 21:40,2.6,0,3.4,0.56,1.03,26.2,26.95,100,13065,637.61,3.01,98.9,0,93,5.64,85.1,0,3
2026/09/06 21:50,2.6,0,3.39,0.56,1.03,26.2,26.99,100,13065,637.61,3.02,98.9,0,93,5.64,85.1,1,4
2026/09/06 22:00,2.61,0.01,3.39,0.56,1.03,26.2,26.9,100,13065,637.61,3.02,98.9,0,93,5.65,85.1,0,4
2026/09/06 22:10,2.61,0,3.4,0.56,1.03,27.86,26.95,100,13065,637.61,3.02,98.9,0,93,5.64,85.1,0,4
2026/09/06 22:20,2.61,0,3.4,0.56,1.03,26.2,26.99,100,13065,637.61,3.02,98.9,0,93,5.64,85.1,1,5
2026/09/06 22:30,2.61,0,3.4,0.56,1.04,26.2,27.17,100,13065,637.61,3.03,98.9,0,93,5.64,85.1,0,5
2026/09/06 22:40,2.61,0,3.4,0.56,1.04,26.2,26.91,100,13065,637.61,3.02,98.9,0,93,5.66,85.1,1,6
2026/09/06 22:50,2.62,0.01,3.4,0.56,1.04,26.2,26.85,100,13065,637.61,3.02,98.9,0,93,5.64,85.1,0,6
2026/09/06 23:00,2.62,0,3.4,0.57,1.04,27.86,27.05,100,13065,637.61,3.03,98.9,0,92.9,5.64,85.1,1,7
2026/09/06 23:10,2.62,0,3.41,0.57,1.05,27.86,27.16,100,13065,637.61,3.02,98.9,0,93,5.65,85.1,0,7
2026/09/06 23:20,2.62,0,3.4,0.57,1.05,26.2,27.18,100,13065,637.61,3.02,98.9,0,92.9,5.64,85.1,0,7
2026/09/06 23:30,2.62,0,3.4,0.57,1.05,26.2,27,100,13065,637.61,3.02,98.9,0,92.9,5.64,85.1,1,8
2026/09/06 23:40,2.62,0,3.41,0.57,1.05,26.2,26.86,100,13065,637.61,3.02,98.9,0,92.9,5.65,85.1,0,8
2026/09/06 23:50,2.62,0,3.4,0.57,1.05,26.21,30.44,100,13065,637.61,3.02,98.9,0,92.9,5.64,85.1,0,8
2026/09/07 00:00,2.62,0,3.4,0.58,1.05,27.88,35.73,100,13064,637.61,3.02,98.9,0,92.9,5.64,85.1,0,8
2026/09/07 00:10,2.63,0.01,3.41,0.58,1.06,26.23,34.79,100,13053,637.6,3.02,98.9,0,92.9,5.3,85.1,0,8
2026/09/07 00:20,2.63,0,3.41,0.58,1.06,27.91,30.06,100,13053,637.6,3.03,98.9,0,92.9,5.3,85.1,1,9
2026/09/07 00:30,2.63,0,3.41,0.58,1.06,26.26,23.23,100,13047,637.6,3.02,98.9,0,92.9,5.3,85.1,0,9
2026/09/07 00:40,2.64,0.01,3.42,0.58,1.06,26.27,23.74,100,13042,637.59,3.02,98.9,0,92.9,5.3,85.1,0,9
2026/09/07 00:50,2.65,0.01,3.41,0.58,1.06,26.29,23.89,100,13037,637.59,3.02,98.9,0,92.8,5.29,85.1,1,10
2026/09/07 01:00,2.66,0.01,3.42,0.58,1.07,27.98,23.74,100,13037,637.59,3.02,98.9,0,92.8,5.3,85.1,0,10
2026/09/07 01:10,2.67,0.01,3.41,0.58,1.07,26.32,22.34,100,13032,637.58,3.02,98.9,0,92.8,5.3,85.1,0,10
2026/09/07 01:20,2.67,0,3.42,0.59,1.07,28.01,22.58,100,13027,637.58,3.03,98.9,0,92.8,5.31,85.1,0,10
2026/09/07 01:30,2.67,0,3.41,0.59,1.07,26.35,22.11,100,13011,637.56,3.02,98.9,0,92.8,5.3,85.1,0,10
2026/09/07 01:40,2.67,0,3.42,0.59,1.07,26.36,23.04,100,13006,637.56,3.02,98.9,0,92.8,5.3,85.1,0,10
2026/09/07 01:50,2.67,0,3.41,0.58,1.07,26.38,22.11,100,13001,637.56,3.03,98.9,0,92.8,5.3,85.1,0,10
2026/09/07 02:00,2.67,0,3.42,0.59,1.07,26.39,23.49,100,12996,637.55,3.03,98.9,0,92.8,5.3,85.1,0,10
2026/09/07 02:10,2.68,0.01,3.42,0.59,1.07,26.41,31.49,100,13001,637.56,3.02,98.9,0,92.7,5.3,85.1,0,10
2026/09/07 02:20,2.68,0,3.43,0.59,1.08,26.44,33.63,100,12991,637.55,3.02,98.9,0,92.7,5.3,85.2,0,10
2026/09/07 02:30,2.68,0,3.43,0.59,1.08,26.46,32.7,100,12976,637.53,3.02,98.9,0,92.7,5.3,85.2,1,11
2026/09/07 02:40,2.69,0.01,3.42,0.59,1.08,26.49,23,100,12965,637.52,3.02,98.9,0,92.7,5.3,85.2,0,11
2026/09/07 02:50,2.69,0,3.43,0.59,1.08,26.52,21.32,100,12955,637.51,3.02,98.9,0,92.7,5.3,85.2,0,11
2026/09/07 03:00,2.69,0,3.43,0.59,1.08,26.55,20.74,100,12946,637.51,3.02,98.9,0,92.7,5.3,85.2,0,11
2026/09/07 03:10,2.69,0,3.42,0.59,1.08,26.58,22.3,100,12932,637.49,3.02,98.9,0,92.7,5.31,85.2,0,11
2026/09/07 03:20,2.69,0,3.44,0.59,1.08,26.6,20.95,100,12923,637.48,3.03,98.9,0,92.7,5.3,85.2,1,12
2026/09/07 03:30,2.69,0,3.44,0.6,1.08,26.62,24.14,100,12909,637.47,3.02,98.9,0,92.6,5.3,85.3,0,12
2026/09/07 03:40,2.7,0.01,3.43,0.6,1.09,26.64,24.48,100,12905,637.47,3.02,98.9,0,92.6,5.3,85.3,1,13
2026/09/07 03:50,2.7,0,3.44,0.6,1.09,26.65,26.14,100,12900,637.46,3.02,98.9,0,92.6,5.3,85.4,0,13
2026/09/07 04:00,2.7,0,3.45,0.6,1.09,26.66,23.83,100,12891,637.46,3.03,98.9,0,92.6,5.31,85.4,1,14
2026/09/07 04:10,2.71,0.01,3.45,0.61,1.1,26.68,24.4,100,12888,637.45,3.02,98.9,0,92.6,5.31,85.4,1,15
2026/09/07 04:20,2.72,0.01,3.46,0.61,1.1,26.69,24.49,100,12884,637.45,3.03,98.9,0,92.6,5.31,85.4,1,16
2026/09/07 04:30,2.72,0,3.47,0.62,1.11,26.7,25.73,100,12880,637.45,3.02,98.9,0,92.6,5.3,85.4,1,17
2026/09/07 04:40,2.73,0.01,3.46,0.62,1.12,26.72,25.07,100,12871,637.44,3.03,98.9,0,92.6,5.31,85.5,1,18
2026/09/07 04:50,2.73,0,3.46,0.62,1.13,25.25,25.06,100,12877,637.44,3.02,98.9,0,92.6,5.3,85.5,1,19
2026/09/07 05:00,2.73,0,3.47,0.63,1.14,26.74,25.18,100,12873,637.44,3.02,98.9,0,92.6,5.31,85.5,0,19
2026/09/07 05:10,2.73,0,3.47,0.63,1.14,26.76,25.77,100,12870,637.44,3.03,98.9,0,92.6,5.31,85.5,0,19
2026/09/07 05:20,2.73,0,3.47,0.64,1.15,26.77,24.97,100,12861,637.43,3.03,98.9,0,92.5,5.31,85.6,1,20
2026/09/07 05:30,2.73,0,3.48,0.65,1.16,26.78,24.95,100,12857,637.42,3.02,98.9,0,92.5,5.31,85.6,0,20
2026/09/07 05:40,2.74,0.01,3.48,0.66,1.17,26.8,24.29,100,12853,637.42,4.95,98.9,0,92.5,5.3,85.7,0,20
2026/09/07 05:50,2.74,0,3.48,0.66,1.18,26.81,24.79,100,12849,637.42,4.94,98.9,0,92.5,5.3,85.7,0,20
2026/09/07 06:00,2.74,0,3.48,0.67,1.18,26.83,24.37,100,12840,637.41,4.94,98.9,0,92.5,5.31,85.7,0,20
2026/09/07 06:10,2.75,0.01,3.49,0.67,1.18,26.84,24.36,100,12837,637.41,4.93,98.9,0,92.5,5.31,85.7,0,20
2026/09/07 06:20,2.76,0.01,3.49,0.68,1.19,26.85,23.38,100,12834,637.4,4.93,98.9,0,92.5,5.31,85.8,0,20
2026/09/07 06:30,2.76,0,3.5,0.69,1.19,25.38,22.72,100,12826,637.4,4.93,98.9,0,92.5,5.33,85.8,0,20
2026/09/07 06:40,2.76,0,3.5,0.69,1.2,26.88,23.76,100,12818,637.39,4.94,98.9,0,92.5,5.31,85.9,0,20
2026/09/07 06:50,2.76,0,3.5,0.7,1.2,26.88,26.64,100,12818,637.39,4.93,98.9,0,92.5,5.31,85.9,0,20
2026/09/07 07:00,2.76,0,3.5,0.7,1.21,26.88,28.19,100,12818,637.39,4.93,98.9,0,92.5,5.31,85.9,0,20
2026/09/07 07:10,2.76,0,3.5,0.7,1.22,26.88,28.08,100,12818,637.39,4.93,98.9,0,92.4,5.32,86,0,20
2026/09/07 07:20,2.77,0.01,3.5,0.7,1.22,26.88,26.73,100,12818,637.39,4.93,98.9,0,92.5,5.31,86,0,20
2026/09/07 07:30,2.78,0.01,3.51,0.7,1.22,26.88,26.74,100,12818,637.39,4.94,98.9,0,92.5,5.32,86.1,0,20
2026/09/07 07:40,2.78,0,3.51,0.71,1.21,26.88,26.76,100,12818,637.39,4.94,98.9,0,92.4,5.34,86.1,0,20
2026/09/07 07:50,2.78,0,3.5,0.71,1.21,26.88,26.73,100,12818,637.39,4.94,98.9,0,92.4,5.31,86.2,0,20
2026/09/07 08:00,2.78,0,3.52,0.71,1.21,26.88,26.76,100,12818,637.39,4.93,99,0,92.4,5.33,86.2,0,20
2026/09/07 08:10,2.79,0.01,3.51,0.71,1.21,26.88,26.92,100,12818,637.39,4.94,98.9,0,92.4,5.35,86.3,0,20
2026/09/07 08:20,2.79,0,3.51,0.7,1.2,26.88,26.84,100,12818,637.39,4.94,99,0,92.4,5.33,86.4,0,20
2026/09/07 08:30,2.78,-0.01,3.52,0.7,1.2,26.88,26.86,100,12818,637.39,4.93,99,0,92.4,5.34,86.4,0,20
2026/09/07 08:40,2.78,0,3.52,0.7,1.2,25.39,26.84,100,12818,637.39,4.94,99,0,92.4,5.33,86.5,0,20
2026/09/07 08:50,2.78,0,3.51,0.7,1.2,26.88,31.11,100,12828,637.4,4.94,99,0,92.4,5.33,86.6,0,20
2026/09/07 09:00,2.77,-0.01,3.52,0.7,1.2,26.88,32.19,100,12828,637.4,4.93,99,0,92.4,5.34,86.6,0,20
2026/09/07 09:10,2.77,0,3.51,0.7,1.2,26.88,32.22,100,12828,637.4,4.93,99,0,92.4,5.33,86.7,0,20
2026/09/07 09:20,2.76,-0.01,3.52,0.7,1.19,26.88,27.92,100,12828,637.4,4.93,99,0,92.4,5.35,86.8,0,20
2026/09/07 09:30,2.76,0,3.52,0.7,1.19,26.88,26.87,100,12828,637.4,4.94,99,0,92.3,5.33,86.8,0,20
2026/09/07 09:40,2.76,0,3.52,0.7,1.19,26.88,26.73,100,12828,637.4,4.94,99,0,92.3,5.31,86.8,0,20
2026/09/07 09:50,2.75,-0.01,3.51,0.7,1.19,26.88,26.74,100,12828,637.4,4.94,99,0,92.4,5.31,86.9,0,20
2026/09/07 10:00,2.75,0,3.5,0.7,1.19,25.38,26.85,100,12828,637.4,4.94,99,0,92.3,5.31,86.9,0,20
2026/09/07 10:10,2.75,0,3.49,0.69,1.18,26.88,26.78,100,12828,637.4,4.94,99,0,92.3,5.31,87,0,20
2026/09/07 10:20,2.75,0,3.5,0.69,1.18,26.88,26.61,100,12828,637.4,4.93,99,0,92.3,5.3,87,0,20
2026/09/07 10:30,2.75,0,3.49,0.69,1.18,26.88,26.76,100,12828,637.4,4.94,99,0,92.3,5.3,87.1,0,20
2026/09/07 10:40,2.74,-0.01,3.5,0.69,1.18,26.88,26.68,100,12828,637.4,4.93,99,0,92.3,5.3,87.1,0,20
2026/09/07 10:50,2.74,0,3.49,0.69,1.18,26.88,26.81,100,12828,637.4,4.93,99,0,92.3,5.3,87.1,0,20
2026/09/07 11:00,2.74,0,3.49,0.69,1.17,26.88,26.69,100,12828,637.4,4.93,99,0,92.2,5.3,87.1,0,20
2026/09/07 11:10,2.74,0,3.49,0.68,1.17,25.38,26.7,100,12828,637.4,4.93,99,0,92.3,5.32,87.2,0,20
2026/09/07 11:20,2.74,0,3.48,0.68,1.17,26.88,26.52,100,12828,637.4,4.94,99,0,92.2,5.3,87.2,0,20
2026/09/07 11:30,2.74,0,3.48,0.68,1.17,26.88,26.53,100,12828,637.4,4.93,99,0,92.2,5.3,87.3,0,20
2026/09/07 11:40,2.74,0,3.47,0.68,1.17,25.38,26.64,100,12828,637.4,4.93,99,0,92.2,5.32,87.3,0,20
2026/09/07 11:50,2.73,-0.01,3.48,0.68,1.16,26.88,26.8,100,12828,637.4,4.93,99,0,92.2,5.3,87.3,0,20
2026/09/07 12:00,2.73,0,3.47,0.68,1.16,26.88,26.69,100,12828,637.4,4.93,99,0,92.2,5.3,87.3,0,20
2026/09/07 12:10,2.73,0,3.46,0.68,1.16,26.88,26.64,100,12828,637.4,4.94,99,0,92.2,5.3,87.4,0,20
2026/09/07 12:20,2.72,-0.01,3.47,0.67,1.16,26.88,26.66,100,12828,637.4,4.94,99,0,92.2,5.3,87.4,0,20
2026/09/07 12:30,2.72,0,3.47,0.67,1.16,26.88,26.73,100,12828,637.4,4.93,99,0,92.1,5.31,87.5,0,20
2026/09/07 12:40,2.72,0,3.46,0.67,1.16,26.88,26.78,100,12828,637.4,4.94,99,0,92.2,5.3,87.5,0,20
2026/09/07 12:50,2.72,0,3.46,0.67,1.16,25.38,26.62,100,12828,637.4,4.93,99,0,92.2,5.31,87.5,0,20
2026/09/07 13:00,2.71,-0.01,3.46,0.67,1.15,26.88,26.66,100,12828,637.4,4.94,99,0,92.1,5.32,87.5,0,20
2026/09/07 13:10,2.71,0,3.45,0.67,1.15,26.88,26.75,100,12828,637.4,4.93,99,0,92.1,5.62,87.6,0,20
2026/09/07 13:20,2.71,0,3.45,0.67,1.15,26.88,26.7,100,12828,637.4,4.94,99,0,92.1,5.64,87.6,0,20
2026/09/07 13:30,2.71,0,3.45,0.66,1.15,26.88,26.73,100,12828,637.4,4.94,99,0,92.1,5.64,87.7,0,20
2026/09/07 13:40,2.7,-0.01,3.46,0.66,1.15,25.38,26.9,100,12828,637.4,4.94,99,0,92.1,5.64,87.7,0,20
2026/09/07 13:50,2.7,0,3.45,0.66,1.15,26.88,26.74,100,12828,637.4,4.93,99,0,92,5.64,87.7,0,20
2026/09/07 14:00,2.7,0,3.45,0.66,1.14,26.88,26.76,100,12828,637.4,4.93,99,0,92.1,5.64,87.7,0,20
2026/09/07 14:10,2.69,-0.01,3.44,0.66,1.14,26.88,26.66,100,12828,637.4,4.93,99,0,92.1,5.64,87.7,0,20
2026/09/07 14:20,2.69,0,3.44,0.66,1.14,26.88,26.68,100,12828,637.4,4.93,99,0,92,5.64,87.8,0,20
2026/09/07 14:30,2.69,0,3.45,0.66,1.14,26.88,26.59,100,12828,637.4,4.93,99,0,92,5.64,87.8,0,20
2026/09/07 14:40,2.69,0,3.44,0.66,1.14,26.88,26.64,100,12828,637.4,4.93,99,0,92,5.64,87.8,0,20
2026/09/07 14:50,2.69,0,3.45,0.66,1.14,26.88,26.58,100,12828,637.4,4.93,99,0,92,5.64,87.9,0,20
2026/09/07 15:00,2.69,0,3.44,0.66,1.13,25.38,26.77,100,12828,637.4,4.94,99,0,92,5.64,87.9,0,20
2026/09/07 15:10,2.68,-0.01,3.45,0.66,1.13,26.88,26.63,100,12828,637.4,5.94,99,0,92,5.64,87.9,0,20
2026/09/07 15:20,2.68,0,3.44,0.66,1.13,26.88,26.55,100,12828,637.4,5.94,99,0,92,5.64,87.9,0,20
2026/09/07 15:30,2.68,0,3.44,0.66,1.12,25.38,26.46,100,12817,637.39,5.94,99,0,92,5.64,87.9,0,20
2026/09/07 15:40,2.68,0,3.44,0.65,1.12,26.86,-7.65,100,12825,637.4,5.94,99,0,92,5.64,88,0,20
2026/09/07 15:50,2.68,0,3.44,0.65,1.12,26.85,8.85,100,12828,637.4,5.94,99,0,91.9,5.64,88,0,20
2026/09/07 16:00,2.68,0,3.43,0.65,1.12,26.84,24.38,100,12821,637.39,5.94,99,0,91.9,5.64,88,0,20
2026/09/07 16:10,2.68,0,3.44,0.65,1.12,26.83,32.16,100,12830,637.4,7.9,99,0,91.9,5.64,88,0,20
2026/09/07 16:20,2.68,0,3.43,0.65,1.12,26.81,31.18,100,12834,637.4,9.78,99,0,91.9,5.64,88,0,20
2026/09/07 16:30,2.68,0,3.43,0.65,1.12,26.8,32.19,100,12843,637.41,9.87,99,0,91.9,5.64,88,0,20
2026/09/07 16:40,2.67,-0.01,3.43,0.65,1.12,26.78,32.73,100,12847,637.42,9.87,99,80.86,91.9,5.64,88.1,0,20
2026/09/07 16:50,2.67,0,3.44,0.64,1.12,26.77,32.57,100,12846,637.41,9.88,98.9,163.96,91.8,5.64,88.1,0,20
2026/09/07 17:00,2.67,0,3.44,0.64,1.12,26.76,31.45,100,12849,637.42,9.88,98.9,164.08,91.8,5.64,88.1,0,20
2026/09/07 17:10,2.67,0,3.44,0.64,1.11,26.75,31.49,100,12858,637.43,9.88,98.9,165.87,91.8,5.64,88.1,0,20
2026/09/07 17:20,2.67,0,3.43,0.64,1.11,26.73,31.71,100,12862,637.43,9.88,98.9,165.54,91.8,5.64,88.2,0,0
2026/09/07 17:30,2.67,0,3.43,0.64,1.11,26.72,32.02,100,12871,637.44,9.87,98.9,166.2,91.8,5.64,88.2,0,0
2026/09/07 17:40,2.66,-0.01,3.43,0.64,1.11,26.7,32.17,100,12875,637.44,9.87,98.9,164.75,91.8,5.64,88.2,0,0
2026/09/07 17:50,2.66,0,3.44,0.64,1.11,26.7,31.85,100,12874,637.44,9.88,98.9,166.51,91.8,5.64,88.2,0,0
2026/09/07 18:00,2.66,0,3.43,0.64,1.11,26.68,31.81,100,12878,637.44,9.87,98.9,165.07,91.8,5.64,88.3,1,1
2026/09/07 18:10,2.66,0,3.44,0.64,1.12,26.66,18.71,100,12886,637.45,9.87,98.9,165.2,91.8,5.64,88.3,0,1
2026/09/07 18:20,2.66,0,3.44,0.64,1.12,26.64,18.63,100,12890,637.45,9.87,98.9,167.02,91.8,5.66,88.3,0,1
2026/09/07 18:30,2.66,0,3.44,0.64,1.12,26.63,25.95,100,12888,637.45,9.88,98.9,167.18,91.8,5.64,88.4,0,1
2026/09/07 18:40,2.66,0,3.43,0.64,1.13,26.6,34.55,100,12908,637.47,9.88,98.9,167.34,91.8,5.64,88.4,0,1
2026/09/07 18:50,2.66,0,3.43,0.64,1.14,26.58,40.5,100,12912,637.47,9.88,98.9,167.52,91.8,5.64,88.4,0,1
2026/09/07 19:00,2.66,0,3.43,0.64,1.14,26.57,56.74,100,12921,637.48,9.87,98.9,167.68,91.8,5.64,88.4,0,1
2026/09/07 19:10,2.66,0,3.42,0.64,1.14,26.56,48.56,100,12920,637.48,9.87,98.9,167.83,91.8,5.64,88.4,0,1
2026/09/07 19:20,2.66,0,3.44,0.63,1.15,26.55,79.06,100,12925,637.49,9.88,98.9,166.34,91.8,5.65,88.4,0,1
2026/09/07 19:30,2.66,0,3.43,0.63,1.15,26.54,61.18,100,12935,637.5,9.87,98.9,168.17,91.8,5.64,88.5,0,1
2026/09/07 19:40,2.66,0,3.43,0.63,1.15,26.54,49.38,100,12935,637.5,9.87,98.9,167.5,91.8,5.65,88.5,0,1
2026/09/07 19:50,2.66,0,3.42,0.64,1.15,26.54,35.89,100,12935,637.5,9.88,98.9,168.49,91.8,5.65,88.5,0,1
2026/09/07 20:00,2.66,0,3.43,0.64,1.14,26.54,31.42,100,12935,637.5,9.88,98.9,168.65,91.8,5.65,88.6,0,1
2026/09/07 20:10,2.66,0,3.43,0.64,1.14,26.54,27.02,100,12935,637.5,9.87,98.9,164.02,91.8,5.66,88.6,0,1
2026/09/07 20:20,2.66,0,3.43,0.64,1.14,26.54,26.81,100,12935,637.5,9.87,98.9,168.96,91.8,5.66,88.6,0,1
2026/09/07 20:30,2.66,0,3.43,0.64,1.13,26.54,26.87,100,12935,637.5,9.87,98.9,169.12,91.8,5.66,88.6,0,1
2026/09/07 20:40,2.66,0,3.43,0.64,1.13,26.54,26.92,100,12935,637.5,9.88,98.9,169.29,91.8,5.64,88.6,0,1
2026/09/07 20:50,2.66,0,3.43,0.64,1.13,26.54,26.86,100,12935,637.5,9.87,98.9,169.44,91.8,5.66,88.6,0,1
2026/09/07 21:00,2.66,0,3.43,0.64,1.13,26.55,25.78,100,12925,637.49,9.88,98.9,0,91.9,5.66,88.7,0,1
2026/09/07 21:10,2.66,0,3.43,0.64,1.13,26.55,21.4,100,12925,637.49,9.87,98.8,0,91.7,5.66,88.7,0,1
2026/09/07 21:20,2.66,0,3.43,0.65,1.13,26.55,21.3,100,12925,637.49,9.88,98.8,0,91.8,5.66,88.7,0,1
2026/09/07 21:30,2.65,-0.01,3.43,0.65,1.12,26.55,22.4,100,12925,637.49,9.87,98.8,0,91.8,5.65,88.7,0,1
2026/09/07 21:40,2.65,0,3.42,0.65,1.12,26.55,26.87,100,12925,637.49,9.87,98.8,0,91.8,5.65,88.8,0,1
2026/09/07 21:50,2.65,0,3.43,0.65,1.12,26.55,26.95,100,12925,637.49,9.87,98.8,0,91.8,5.65,88.8,0,1
2026/09/07 22:00,2.65,0,3.43,0.65,1.12,26.55,27,100,12925,637.49,9.87,98.8,0,91.7,5.65,88.8,0,1
2026/09/07 22:10,2.65,0,3.43,0.64,1.12,26.55,26.95,100,12925,637.49,9.87,98.8,0,91.8,5.66,88.8,0,1
2026/09/07 22:20,2.65,0,3.43,0.64,1.12,26.55,26.9,100,12925,637.49,9.87,98.8,0,91.8,5.66,88.8,0,1
2026/09/07 22:30,2.65,0,3.43,0.64,1.12,26.55,26.92,100,12925,637.49,9.87,98.8,0,91.7,5.66,88.8,0,1
2026/09/07 22:40,2.65,0,3.43,0.64,1.12,26.55,26.92,100,12925,637.49,9.87,98.8,0,91.7,5.65,88.8,0,1
2026/09/07 22:50,2.65,0,3.43,0.64,1.12,26.55,27.08,100,12925,637.49,9.87,98.8,0,91.7,5.66,88.8,0,1
2026/09/07 23:00,2.65,0,3.43,0.64,1.11,28.27,27,100,12925,637.49,9.87,98.8,0,91.7,5.66,88.9,0,1
2026/09/07 23:10,2.65,0,3.43,0.64,1.11,28.27,27.02,100,12925,637.49,9.87,98.8,0,91.7,5.66,88.9,0,1
2026/09/07 23:20,2.65,0,3.43,0.63,1.11,28.27,27.08,100,12925,637.49,9.87,98.8,0,91.7,5.66,88.9,0,1
2026/09/07 23:30,2.65,0,3.42,0.63,1.11,28.27,26.99,100,12925,637.49,9.87,98.8,0,91.7,5.66,88.9,0,1
2026/09/07 23:40,2.65,0,3.43,0.63,1.11,26.55,26.96,100,12925,637.49,9.87,98.8,0,91.6,5.66,88.9,0,1
2026/09/07 23:50,2.65,0,3.43,0.63,1.11,26.55,26.92,100,12925,637.49,9.87,98.8,0,91.7,5.66,88.9,0,1
2026/09/08 00:00,2.64,-0.01,3.42,0.63,1.11,26.55,26.92,100,12925,637.49,9.87,98.8,0,91.6,5.66,88.9,0,1
2026/09/08 00:10,2.65,0.01,3.42,0.63,1.11,26.55,26.95,100,12925,637.49,9.87,98.8,0,91.6,5.34,88.9,0,1
2026/09/08 00:20,2.64,-0.01,3.43,0.63,1.11,26.55,26.89,100,12925,637.49,9.86,98.8,0,91.6,5.32,89,0,1
2026/09/08 00:30,2.64,0,3.42,0.63,1.11,28.27,21.25,100,12915,637.48,9.86,98.7,0,91.6,5.33,89,1,2
2026/09/08 00:40,2.64,0,3.43,0.63,1.11,26.55,21.3,100,12915,637.48,9.87,98.7,0,91.6,5.32,89,0,2
2026/09/08 00:50,2.64,0,3.43,0.63,1.11,26.55,21.2,100,12915,637.48,9.87,98.7,0,91.6,5.32,89,0,2
2026/09/08 01:00,2.64,0,3.42,0.63,1.11,26.55,26.9,100,12915,637.48,9.87,98.7,0,91.6,5.3,89.1,0,2
2026/09/08 01:10,2.64,0,3.42,0.63,1.11,28.27,26.82,100,12915,637.48,9.87,98.7,0,91.6,5.3,89.1,0,2
2026/09/08 01:20,2.64,0,3.43,0.62,1.11,26.55,26.88,100,12915,637.48,9.86,98.7,0,91.6,5.3,89.1,0,2
2026/09/08 01:30,2.64,0,3.42,0.62,1.11,28.27,26.84,100,12915,637.48,9.86,98.7,0,91.6,5.3,89.1,0,2
2026/09/08 01:40,2.64,0,3.42,0.62,1.11,26.55,26.94,100,12915,637.48,9.86,98.7,0,91.6,5.3,89.1,0,2
2026/09/08 01:50,2.64,0,3.43,0.62,1.11,26.55,26.82,100,12915,637.48,9.87,98.7,0,91.6,5.3,89.1,0,2
2026/09/08 02:00,2.64,0,3.42,0.62,1.11,26.55,26.96,100,12915,637.48,9.86,98.7,0,91.5,5.3,89.1,0,2
2026/09/08 02:10,2.64,0,3.41,0.62,1.11,26.55,26.9,100,12915,637.48,9.87,98.7,0,91.5,5.31,89.2,0,2
2026/09/08 02:20,2.64,0,3.42,0.62,1.11,26.55,27,100,12915,637.48,9.86,98.7,0,91.5,5.3,89.2,0,2
2026/09/08 02:30,2.64,0,3.42,0.62,1.11,26.55,26.89,100,12915,637.48,9.87,98.7,0,91.5,5.3,89.2,0,2
2026/09/08 02:40,2.64,0,3.42,0.61,1.1,26.55,26.89,100,12915,637.48,9.87,98.7,0,91.5,5.32,89.2,0,2
2026/09/08 02:50,2.64,0,3.42,0.61,1.1,26.55,26.9,100,12915,637.48,9.86,98.7,0,91.5,5.32,89.3,0,2
2026/09/08 03:00,2.64,0,3.42,0.62,1.1,26.55,26.88,100,12915,637.48,9.86,98.7,0,91.5,5.3,89.3,1,3
2026/09/08 03:10,2.64,0,3.42,0.61,1.1,28.28,26.31,100,12905,637.47,9.87,98.7,0,91.5,5.33,89.3,0,3
2026/09/08 03:20,2.64,0,3.42,0.61,1.1,26.56,21.31,100,12905,637.47,9.86,98.7,0,91.5,5.32,89.3,0,3
2026/09/08 03:30,2.64,0,3.42,0.61,1.1,26.56,21.3,100,12905,637.47,9.86,98.7,0,91.5,5.32,89.3,0,3
2026/09/08 03:40,2.64,0,3.42,0.61,1.1,26.56,21.98,100,12905,637.47,9.87,98.6,0,91.5,5.3,89.3,0,3
2026/09/08 03:50,2.64,0,3.42,0.61,1.1,28.28,27.04,100,12905,637.47,9.86,98.6,0,91.4,5.3,89.3,0,3
2026/09/08 04:00,2.64,0,3.42,0.61,1.1,26.56,27.01,100,12905,637.47,9.86,98.6,0,91.4,5.33,89.3,0,3
2026/09/08 04:10,2.64,0,3.43,0.61,1.1,26.56,27,100,12905,637.47,9.87,98.6,0,91.4,5.3,89.4,0,3
2026/09/08 04:20,2.64,0,3.43,0.61,1.1,26.56,26.89,100,12905,637.47,9.87,98.6,0,91.4,5.31,89.4,0,3
2026/09/08 04:30,2.63,-0.01,3.42,0.61,1.1,28.28,30.11,100,12905,637.47,9.87,98.6,0,91.4,5.31,89.4,0,3
2026/09/08 04:40,2.63,0,3.42,0.61,1.1,26.57,38.2,100,12911,637.47,9.86,98.6,0,91.4,5.31,89.4,0,3
2026/09/08 04:50,2.63,0,3.42,0.61,1.1,26.58,38.33,100,12906,637.47,9.87,98.6,0,91.4,5.31,89.5,0,3
2026/09/08 05:00,2.63,0,3.43,0.61,1.1,26.59,33.88,100,12897,637.46,9.87,98.6,0,91.4,5.31,89.5,0,3
2026/09/08 05:10,2.63,0,3.42,0.61,1.1,26.61,24.69,100,12892,637.46,9.86,98.6,0,91.4,5.32,89.5,0,3
2026/09/08 05:20,2.63,0,3.42,0.61,1.1,26.62,22.79,100,12888,637.45,9.87,98.6,0,91.3,5.31,89.5,0,3
2026/09/08 05:30,2.63,0,3.42,0.61,1.1,26.64,22.3,100,12874,637.44,9.87,98.6,0,91.3,5.32,89.5,0,3
2026/09/08 05:40,2.63,0,3.41,0.61,1.1,26.65,21.61,100,12870,637.44,9.86,98.6,0,91.3,5.31,89.5,0,3
2026/09/08 05:50,2.64,0.01,3.42,0.61,1.1,26.67,21.9,100,12866,637.43,9.86,98.6,0,91.3,5.31,89.5,0,3
2026/09/08 06:00,2.64,0,3.42,0.61,1.1,26.68,23.28,100,12857,637.42,9.86,98.6,0,91.3,5.32,89.5,0,3
2026/09/08 06:10,2.64,0,3.42,0.61,1.1,26.7,23.5,100,12853,637.42,9.86,98.6,0,91.3,5.32,89.5,0,3
2026/09/08 06:20,2.63,-0.01,3.42,0.61,1.1,26.71,23.54,100,12849,637.42,9.86,98.6,0,91.3,5.32,89.5,0,3
2026/09/08 06:30,2.63,0,3.42,0.61,1.1,26.72,23.23,100,12846,637.41,9.87,98.6,0,91.3,5.32,89.5,0,3
2026/09/08 06:40,2.63,0,3.41,0.61,1.1,26.74,23.11,100,12837,637.41,9.87,98.6,0,91.3,5.32,89.6,0,3
2026/09/08 06:50,2.63,0,3.43,0.61,1.1,26.75,22.41,100,12833,637.4,9.86,98.5,0,91.3,5.32,89.6,0,3
2026/09/08 07:00,2.63,0,3.42,0.61,1.1,26.77,22.32,100,12829,637.4,9.86,98.5,0,91.3,5.32,89.6,0,3
2026/09/08 07:10,2.63,0,3.41,0.6,1.1,26.78,22.32,100,12820,637.39,9.86,98.5,0,91.2,5.32,89.6,0,3
2026/09/08 07:20,2.62,-0.01,3.41,0.61,1.1,26.79,22.88,100,12816,637.39,9.87,98.5,0,91.2,5.32,89.6,0,3
2026/09/08 07:30,2.62,0,3.42,0.61,1.1,26.81,22.27,100,12813,637.38,9.86,98.5,0,91.2,5.32,89.6,0,3
2026/09/08 07:40,2.62,0,3.42,0.61,1.1,26.83,22.27,100,12799,637.37,9.87,98.5,0,91.2,5.3,89.7,0,3
2026/09/08 07:50,2.62,0,3.41,0.61,1.1,26.84,22.24,100,12790,637.36,9.87,98.5,0,91.2,5.33,89.7,0,3
2026/09/08 08:00,2.62,0,3.41,0.61,1.1,26.85,22.26,100,12786,637.36,9.87,98.5,0,91.2,5.32,89.7,0,3
2026/09/08 08:10,2.62,0,3.42,0.6,1.1,26.86,23.79,100,12782,637.36,9.87,98.5,0,91.2,5.32,89.7,0,3
2026/09/08 08:20,2.63,0.01,3.41,0.61,1.09,26.86,26.26,100,12782,637.36,9.86,98.5,0,91.2,5.32,89.7,0,3
2026/09/08 08:30,2.63,0,3.41,0.61,1.1,26.86,27.75,100,12782,637.36,9.87,98.5,0,91.2,5.31,89.7,0,3
2026/09/08 08:40,2.63,0,3.41,0.61,1.1,26.86,27.83,100,12782,637.36,9.86,98.5,0,91.2,5.32,89.7,0,3
2026/09/08 08:50,2.63,0,3.41,0.6,1.09,26.87,22.87,100,12773,637.35,9.87,98.5,0,91.1,5.31,89.7,0,3
2026/09/08 09:00,2.63,0,3.41,0.6,1.09,26.87,21.2,100,12773,637.35,9.87,98.5,0,91.1,5.32,89.7,0,3
2026/09/08 09:10,2.63,0,3.41,0.6,1.09,26.87,21.2,100,12773,637.35,9.87,98.5,0,91.1,5.32,89.7,0,3
2026/09/08 09:20,2.63,0,3.41,0.6,1.09,26.87,25.13,100,12773,637.35,9.86,98.5,0,91.1,5.32,89.7,0,3
2026/09/08 09:30,2.63,0,3.41,0.61,1.09,26.87,26.91,100,12773,637.35,9.87,98.5,0,91.1,5.31,89.8,0,3
2026/09/08 09:40,2.63,0,3.41,0.61,1.09,26.87,26.84,100,12773,637.35,9.87,98.5,0,91.1,5.31,89.8,0,3
2026/09/08 09:50,2.63,0,3.41,0.6,1.09,26.87,26.82,100,12773,637.35,9.87,98.5,0,91.1,5.32,89.8,1,4
2026/09/08 10:00,2.63,0,3.41,0.6,1.09,26.87,26.85,100,12773,637.35,9.87,98.5,0,91.1,5.32,89.8,0,4
2026/09/08 10:10,2.62,-0.01,3.41,0.6,1.09,26.87,26.71,100,12773,637.35,9.87,98.5,0,91.1,5.32,89.8,0,4
2026/09/08 10:20,2.62,0,3.4,0.6,1.09,26.87,26.7,100,12773,637.35,9.86,98.5,0,91.1,5.31,89.8,0,4
2026/09/08 10:30,2.62,0,3.41,0.6,1.1,26.87,26.73,100,12773,637.35,9.86,98.5,0,91,5.32,89.8,0,4
2026/09/08 10:40,2.62,0,3.41,0.6,1.1,26.86,-3.77,100,12761,637.34,9.86,98.5,0,91.1,5.32,89.8,1,5
2026/09/08 10:50,2.62,0,3.41,0.6,1.1,26.83,-10.74,100,12779,637.35,9.87,98.4,0,91.1,5.32,89.8,0,5
2026/09/08 11:00,2.63,0.01,3.41,0.6,1.1,26.82,13.17,100,12782,637.36,9.86,98.4,0,91.1,5.32,89.8,0,5
2026/09/08 11:10,2.63,0,3.41,0.6,1.11,26.8,50.24,100,12796,637.37,9.87,98.4,0,91,5.32,89.9,0,5
2026/09/08 11:20,2.63,0,3.41,0.6,1.11,26.78,49.31,100,12800,637.37,9.87,98.4,0,91,5.32,89.9,0,5
2026/09/08 11:30,2.63,0,3.42,0.61,1.11,26.77,42.22,100,12804,637.38,9.86,98.4,0,91,5.32,89.9,0,5
2026/09/08 11:40,2.63,0,3.41,0.6,1.11,26.76,35.8,100,12807,637.38,9.86,98.4,0,91,5.32,89.9,0,5
2026/09/08 11:50,2.63,0,3.41,0.61,1.11,26.74,33.52,100,12811,637.38,9.86,98.4,0,91,5.32,89.9,0,5
2026/09/08 12:00,2.63,0,3.41,0.61,1.11,26.73,31.91,100,12815,637.39,9.86,98.4,0,91,5.32,90,1,6
2026/09/08 12:10,2.63,0,3.41,0.61,1.11,26.71,31.52,100,12819,637.39,9.87,98.4,0,91,5.3,90,0,6
2026/09/08 12:20,2.63,0,3.41,0.61,1.1,26.7,33.31,100,12828,637.4,9.86,98.4,0,91,5.29,90,0,6
2026/09/08 12:30,2.63,0,3.4,0.61,1.11,26.69,33.74,100,12831,637.4,9.87,98.4,0,91,5.3,90,0,6
2026/09/08 12:40,2.63,0,3.41,0.61,1.1,26.67,34.18,100,12835,637.4,9.87,98.4,0,91,5.29,90,0,6
2026/09/08 12:50,2.63,0,3.41,0.61,1.1,26.66,31.9,100,12839,637.41,9.86,98.4,0,90.9,5.3,90,0,6
2026/09/08 13:00,2.63,0,3.41,0.61,1.1,26.64,32.01,100,12843,637.41,9.86,98.4,0,90.9,5.3,90,0,6
2026/09/08 13:10,2.63,0,3.41,0.61,1.1,26.63,32.74,100,12852,637.42,9.86,98.4,0,90.9,5.63,90,0,6
2026/09/08 13:20,2.63,0,3.41,0.61,1.1,26.61,29.64,100,12856,637.42,9.87,98.4,0,90.9,5.64,90,0,6
2026/09/08 13:30,2.63,0,3.41,0.61,1.1,26.59,37.56,100,12871,637.44,9.86,98.4,0,90.9,5.63,90,0,6
2026/09/08 13:40,2.63,0,3.41,0.61,1.1,26.58,38.62,100,12865,637.43,9.87,98.4,0,90.9,5.63,90.1,0,6
2026/09/08 13:50,2.63,0,3.4,0.61,1.1,26.57,38.29,100,12879,637.44,9.87,98.4,0,90.9,5.64,90.1,0,6
2026/09/08 14:00,2.63,0,3.4,0.61,1.1,28.27,35.28,100,12884,637.45,9.86,98.3,0,90.9,5.63,90.1,0,6
2026/09/08 14:10,2.63,0,3.41,0.61,1.1,26.54,36.36,100,12884,637.45,9.87,98.3,0,90.9,5.63,90.1,0,6
2026/09/08 14:20,2.63,0,3.42,0.61,1.1,26.52,34.34,100,12890,637.45,9.86,98.3,0,90.9,5.64,90.1,0,6
2026/09/08 14:30,2.63,0,3.41,0.61,1.1,26.51,37.56,100,12895,637.46,9.87,98.3,0,90.9,5.64,90.1,0,6
2026/09/08 14:40,2.63,0,3.41,0.62,1.1,26.5,39.4,100,12905,637.47,9.86,98.3,0,90.8,5.63,90.2,0,6
2026/09/08 14:50,2.63,0,3.41,0.61,1.1,26.48,36.52,100,12910,637.47,9.86,98.3,0,90.9,5.64,90.2,0,6
2026/09/08 15:00,2.63,0,3.41,0.61,1.1,26.47,36.34,100,12910,637.47,9.86,98.3,0,90.8,5.63,90.2,0,6
2026/09/08 15:10,2.63,0,3.41,0.61,1.1,26.45,36.23,100,12920,637.48,9.86,98.3,82.38,90.8,5.63,90.2,0,6
2026/09/08 15:20,2.63,0,3.41,0.62,1.1,26.44,37.01,100,12920,637.48,9.86,98.3,166.91,90.8,5.64,90.2,0,6
2026/09/08 15:30,2.63,0,3.4,0.61,1.1,26.43,34.81,100,12930,637.49,9.86,98.3,167.15,90.8,5.64,90.2,0,6
2026/09/08 15:40,2.63,0,3.41,0.61,1.1,26.42,31.82,100,12930,637.49,9.86,98.3,167.26,90.8,5.63,90.2,0,6
2026/09/08 15:50,2.63,0,3.41,0.61,1.1,26.4,30.61,100,12936,637.5,9.86,98.3,165.8,90.8,5.64,90.2,0,6
2026/09/08 16:00,2.63,0,3.41,0.61,1.1,26.39,31.46,100,12941,637.5,9.86,98.3,167.61,90.8,5.64,90.2,0,6
2026/09/08 16:10,2.63,0,3.41,0.61,1.1,26.38,31.02,100,12936,637.5,9.86,98.3,167.75,90.8,5.63,90.2,0,6
2026/09/08 16:20,2.63,0,3.41,0.61,1.1,26.37,31.84,100,12946,637.51,9.86,98.3,167.94,90.8,5.63,90.2,0,6
2026/09/08 16:30,2.63,0,3.42,0.61,1.1,26.35,30.89,100,12951,637.51,9.86,98.3,168.08,90.8,5.64,90.2,0,6
2026/09/08 16:40,2.63,0,3.41,0.61,1.1,26.34,32.68,100,12956,637.51,9.86,98.3,167.6,90.8,5.63,90.3,0,6
2026/09/08 16:50,2.63,0,3.41,0.61,1.09,26.33,31.97,100,12961,637.52,9.86,98.3,168.43,90.8,5.63,90.3,0,6
2026/09/08 17:00,2.63,0,3.41,0.61,1.1,27.99,57.3,100,12956,637.51,9.86,98.2,120.16,90.8,5.64,90.3,0,6
2026/09/08 17:10,2.64,0.01,3.41,0.61,1.1,26.31,68.53,100,12966,637.52,9.86,98.2,78.93,90.8,5.63,90.3,1,7
2026/09/08 17:20,2.64,0,3.42,0.61,1.09,26.31,53.52,100,12961,637.52,9.86,98.2,78.28,90.8,5.63,90.3,0,7
2026/09/08 17:30,2.64,0,3.41,0.61,1.1,27.99,38.23,100,12966,637.52,9.86,98.2,77.69,90.7,5.64,90.4,0,7
2026/09/08 17:40,2.64,0,3.42,0.61,1.1,26.31,27.59,100,12966,637.52,9.86,98.2,77.54,90.7,5.63,90.4,1,8
2026/09/08 17:50,2.64,0,3.41,0.61,1.1,26.31,30.42,100,12976,637.53,9.86,98.2,77.41,90.7,5.64,90.4,0,8
2026/09/08 18:00,2.65,0.01,3.42,0.61,1.1,27.98,32.69,100,12976,637.53,9.86,98.2,77.06,90.7,5.63,90.4,1,9
2026/09/08 18:10,2.65,0,3.42,0.61,1.11,27.98,32.68,100,12976,637.53,9.86,98.2,78.2,90.7,5.64,90.4,0,9
2026/09/08 18:20,2.65,0,3.43,0.62,1.11,27.98,33.96,100,12986,637.54,9.86,98.2,78.45,90.7,5.64,90.4,1,10
2026/09/08 18:30,2.65,0,3.43,0.62,1.11,27.98,32.89,100,12986,637.54,9.86,98.2,77.91,90.7,5.63,90.4,1,11
2026/09/08 18:40,2.66,0.01,3.43,0.62,1.12,27.97,35.08,100,12997,637.55,9.85,98.2,77.31,90.7,5.64,90.4,0,11
2026/09/08 18:50,2.66,0,3.44,0.62,1.12,26.3,33.95,100,12997,637.55,9.85,98.2,77.5,90.7,5.63,90.4,1,12
2026/09/08 19:00,2.66,0,3.44,0.63,1.13,27.97,32.71,100,12997,637.55,9.85,98.2,77.21,90.7,5.63,90.5,1,13
2026/09/08 19:10,2.67,0.01,3.45,0.65,1.13,26.29,34.5,100,13007,637.56,9.86,98.2,77.37,90.7,5.64,90.5,1,14
2026/09/08 19:20,2.67,0,3.46,0.66,1.14,26.29,32.78,100,13007,637.56,9.86,98.2,79.27,90.7,5.63,90.6,1,15
2026/09/08 19:30,2.68,0.01,3.47,0.67,1.15,27.96,34.45,100,13017,637.57,9.86,98.2,77.67,90.7,5.62,90.6,1,16
2026/09/08 19:40,2.69,0.01,3.48,0.68,1.16,27.96,34.39,100,13017,637.57,9.86,98.2,78.23,90.7,5.63,90.6,2,18
2026/09/08 19:50,2.7,0.01,3.48,0.69,1.17,26.28,35.44,100,13032,637.58,9.86,98.2,78.04,90.7,5.62,90.6,1,19
2026/09/08 20:00,2.73,0.03,3.49,0.7,1.18,27.95,36.58,100,13032,637.58,9.85,98.2,77.88,90.7,5.62,90.7,2,21
2026/09/08 20:10,2.74,0.01,3.5,0.72,1.19,26.28,36.58,100,13042,637.59,9.85,98.2,77.7,90.7,5.62,90.7,1,22
2026/09/08 20:20,2.75,0.01,3.52,0.73,1.2,27.95,35.39,100,13042,637.59,9.85,98.2,78.11,90.7,5.63,90.8,2,24
2026/09/08 20:30,2.78,0.03,3.52,0.75,1.21,26.27,38.25,100,13052,637.6,9.86,98.2,77.64,90.7,5.63,90.8,1,25
2026/09/08 20:40,2.81,0.03,3.53,0.76,1.23,27.94,36.61,100,13067,637.62,9.86,98.2,95.83,90.7,5.63,90.8,1,26
2026/09/08 20:50,2.82,0.01,3.53,0.77,1.24,27.94,38.37,100,13067,637.62,9.86,98.2,167.29,90.7,5.63,90.9,0,26
2026/09/08 21:00,2.84,0.02,3.55,0.78,1.25,27.93,38.33,100,13077,637.62,9.86,98.2,170.15,90.7,5.62,90.9,1,27
2026/09/08 21:10,2.87,0.03,3.56,0.79,1.27,26.26,38.83,100,13087,637.63,9.86,98.2,168.58,90.7,5.63,90.9,1,28
2026/09/08 21:20,2.91,0.04,3.57,0.8,1.28,27.92,38.82,100,13097,637.64,9.86,98.2,0,90.8,5.63,91,0,28
2026/09/08 21:30,2.95,0.04,3.58,0.82,1.29,27.92,38.27,100,13097,637.64,9.86,98.2,0,90.8,5.63,91.1,1,29
2026/09/08 21:40,2.98,0.03,3.6,0.82,1.31,26.25,39.98,100,13108,637.65,9.86,98.2,0,90.8,5.63,91.1,0,29
2026/09/08 21:50,3.02,0.04,3.62,0.83,1.32,26.25,41.15,100,13118,637.66,9.86,98.2,0,90.8,5.63,91.1,0,29
2026/09/08 22:00,3.05,0.03,3.63,0.84,1.33,26.24,41.08,100,13128,637.67,9.86,98.2,0,90.9,5.62,91.3,1,30
2026/09/08 22:10,3.06,0.01,3.65,0.85,1.34,27.9,41.67,100,13143,637.68,9.86,98.2,0,90.8,5.62,91.3,0,30
2026/09/08 22:20,3.07,0.01,3.67,0.85,1.34,27.89,42.25,100,13153,637.69,9.86,98.2,0,90.9,5.62,91.5,0,30
2026/09/08 22:30,3.08,0.01,3.67,0.85,1.34,27.89,44.52,100,13163,637.7,9.86,98.2,0,90.8,5.64,91.6,0,30
2026/09/08 22:40,3.08,0,3.68,0.85,1.34,27.88,44.57,100,13173,637.71,9.86,98.2,0,90.8,5.63,91.7,0,30
2026/09/08 22:50,3.07,-0.01,3.7,0.85,1.34,26.22,44.65,100,13183,637.72,9.86,98.2,0,90.9,5.64,91.8,0,30
2026/09/08 23:00,3.07,0,3.72,0.85,1.34,26.21,42.83,100,13193,637.73,9.86,98.2,0,90.8,5.63,91.9,0,30
2026/09/08 23:10,3.06,-0.01,3.73,0.85,1.34,27.87,42.93,100,13203,637.74,9.85,98.2,0,90.9,5.63,92,0,30
2026/09/08 23:20,3.05,-0.01,3.74,0.85,1.34,26.21,42.85,100,13213,637.75,9.86,98.2,0,90.9,5.63,92.1,0,30
2026/09/08 23:30,3.04,-0.01,3.74,0.85,1.33,26.21,41.73,100,13213,637.75,9.86,98.2,0,90.9,5.63,92.2,0,30
2026/09/08 23:40,3.03,-0.01,3.75,0.85,1.33,26.2,42.2,100,13224,637.76,9.86,98.2,0,90.9,5.63,92.3,0,30
2026/09/08 23:50,3.02,-0.01,3.74,0.85,1.33,26.2,41.59,100,13234,637.77,9.86,98.2,0,90.9,5.63,92.4,0,30
2026/09/09 00:00,3.01,-0.01,3.74,0.84,1.32,27.85,42.12,100,13244,637.78,9.86,98.2,0,90.8,5.62,92.6,0,30
2026/09/09 00:10,2.99,-0.02,3.74,0.84,1.32,27.84,40.47,100,13254,637.78,9.86,98.2,0,90.9,5.27,92.6,0,30
2026/09/09 00:20,2.98,-0.01,3.74,0.84,1.32,27.83,40.08,100,13264,637.79,9.85,98.2,0,90.9,5.26,92.8,0,30
2026/09/09 00:30,2.98,0,3.72,0.84,1.31,27.83,40.14,100,13264,637.79,9.86,98.2,0,90.9,5.26,92.8,0,30
2026/09/09 00:40,2.96,-0.02,3.72,0.84,1.31,27.83,36.8,100,13274,637.8,9.85,98.2,0,90.9,5.27,93,0,30
2026/09/09 00:50,2.95,-0.01,3.7,0.83,1.3,27.83,37.99,100,13274,637.8,9.86,98.2,0,90.9,5.29,93,0,30
2026/09/09 01:00,2.95,0,3.7,0.83,1.3,26.18,32.83,100,13274,637.8,9.86,98.2,0,90.9,5.27,93.1,0,30
2026/09/09 01:10,2.94,-0.01,3.69,0.83,1.3,27.82,34.46,100,13284,637.81,9.86,98.2,0,90.9,5.28,93.1,0,30
2026/09/09 01:20,2.93,-0.01,3.68,0.82,1.3,27.82,32.71,100,13284,637.81,9.86,98.2,0,90.9,5.28,93.2,0,30
2026/09/09 01:30,2.92,-0.01,3.69,0.82,1.29,26.17,32.73,100,13284,637.81,9.86,98.2,0,90.9,5.26,93.2,0,30
2026/09/09 01:40,2.92,0,3.68,0.81,1.29,26.17,36.55,100,13300,637.83,9.86,98.2,0,90.9,5.29,93.3,0,30
2026/09/09 01:50,2.91,-0.01,3.66,0.81,1.29,27.83,46.3,100,13304,637.83,9.86,98.2,0,90.9,5.28,93.4,0,30
2026/09/09 02:00,2.9,-0.01,3.66,0.8,1.28,27.84,49.77,100,13309,637.84,9.86,98.2,0,90.9,5.29,93.4,0,30
2026/09/09 02:10,2.89,-0.01,3.66,0.8,1.28,26.2,44.23,100,13309,637.83,9.86,98.2,0,90.8,5.28,93.4,0,30
2026/09/09 02:20,2.89,0,3.65,0.8,1.28,26.21,32.87,100,13314,637.84,9.86,98.2,0,90.9,5.29,93.5,0,30
2026/09/09 02:30,2.88,-0.01,3.65,0.79,1.28,27.88,29.61,100,13309,637.83,9.86,98.2,0,90.9,5.28,93.6,1,31
2026/09/09 02:40,2.88,0,3.64,0.79,1.28,26.24,29.5,100,13304,637.83,9.85,98.2,0,90.9,6.38,93.6,0,31
2026/09/09 02:50,2.87,-0.01,3.65,0.79,1.28,27.91,29.5,100,13309,637.83,9.86,98.2,0,90.9,6.36,93.7,0,31
2026/09/09 03:00,2.87,0,3.63,0.79,1.27,27.93,29.98,100,13304,637.83,9.85,98.2,0,90.9,6.36,93.7,0,31
2026/09/09 03:10,2.86,-0.01,3.63,0.78,1.27,26.27,30.53,100,13294,637.82,9.86,98.2,0,90.9,7.33,93.7,0,31
2026/09/09 03:20,2.87,0.01,3.63,0.78,1.27,26.28,29.5,100,13304,637.83,9.86,98.2,0,90.9,7.32,93.7,0,31
2026/09/09 03:30,2.86,-0.01,3.63,0.78,1.27,26.3,29.35,100,13293,637.82,9.86,98.2,0,90.9,7.31,93.8,0,31
2026/09/09 03:40,2.86,0,3.62,0.79,1.27,27.99,29.3,100,13293,637.82,9.86,98.2,0,90.8,8.4,93.9,0,31
2026/09/09 03:50,2.85,-0.01,3.62,0.79,1.27,26.32,29.31,100,13298,637.83,9.86,98.2,0,90.8,8.4,93.9,1,32
2026/09/09 04:00,2.85,0,3.63,0.79,1.26,28.01,29.41,100,13293,637.82,9.86,98.2,0,90.9,8.4,93.9,0,32
2026/09/09 04:10,2.85,0,3.62,0.8,1.26,26.35,29.37,100,13288,637.82,9.86,98.2,0,90.8,9.49,93.9,0,32
2026/09/09 04:20,2.85,0,3.62,0.8,1.26,26.36,30,100,13293,637.82,9.86,98.2,0,90.8,9.49,94,0,32
2026/09/09 04:30,2.84,-0.01,3.62,0.81,1.26,26.37,29.97,100,13288,637.82,9.86,98.2,0,90.8,9.49,94,0,32
2026/09/09 04:40,2.84,0,3.62,0.82,1.26,28.08,29.48,100,13283,637.81,9.86,98.2,0,90.9,9.49,94,0,32
2026/09/09 04:50,2.84,0,3.62,0.82,1.26,28.09,29.5,100,13289,637.82,9.86,98.2,0,90.8,9.49,94.1,0,32
2026/09/09 05:00,2.84,0,3.61,0.83,1.26,26.41,29.65,100,13280,637.81,9.85,98.2,0,90.8,9.49,94.1,0,32
2026/09/09 05:10,2.84,0,3.6,0.83,1.26,28.12,29.4,100,13275,637.8,9.86,98.2,0,90.8,9.49,94.1,1,33
2026/09/09 05:20,2.84,0,3.61,0.84,1.26,26.42,32.31,100,13280,637.81,9.86,98.2,0,90.8,9.49,94.2,2,35
2026/09/09 05:30,2.84,0,3.61,0.84,1.26,26.42,32.4,100,13280,637.81,9.85,98.2,0,90.8,9.49,94.2,0,35
2026/09/09 05:40,2.84,0,3.61,0.84,1.26,28.12,31.9,100,13280,637.81,9.85,98.2,0,90.8,9.48,94.3,0,35
2026/09/09 05:50,2.84,0,3.62,0.84,1.26,28.12,27.69,100,13280,637.81,9.86,98.2,0,90.8,9.48,94.3,0,35
2026/09/09 06:00,2.83,-0.01,3.61,0.85,1.26,26.42,30.4,100,13291,637.82,9.86,98.2,0,90.8,9.48,94.3,0,35
2026/09/09 06:10,2.84,0.01,3.61,0.85,1.26,28.11,32.73,100,13291,637.82,9.86,98.2,0,90.8,9.48,94.3,0,35
2026/09/09 06:20,2.83,-0.01,3.61,0.85,1.26,26.42,32.97,100,13291,637.82,9.86,98.2,0,90.8,9.48,94.3,0,35
2026/09/09 06:30,2.83,0,3.61,0.85,1.26,26.42,29.36,100,13291,637.82,9.86,98.2,0,90.8,9.48,94.3,0,35
2026/09/09 06:40,2.83,0,3.61,0.85,1.26,28.11,32.12,100,13301,637.83,9.85,98.2,0,90.8,9.48,94.4,0,35
2026/09/09 06:50,2.82,-0.01,3.6,0.85,1.26,26.41,32.63,100,13301,637.83,9.86,98.2,0,90.8,9.48,94.4,0,35
2026/09/09 07:00,2.82,0,3.61,0.85,1.26,26.41,33.22,100,13311,637.84,9.86,98.2,0,90.8,9.48,94.4,0,35
2026/09/09 07:10,2.82,0,3.6,0.85,1.26,26.4,33.78,100,13310,637.84,9.85,98.2,0,90.8,9.48,94.5,0,35
2026/09/09 07:20,2.82,0,3.6,0.85,1.25,28.09,1.14,100,13310,637.84,9.86,98.2,0,90.8,9.48,94.5,0,35
2026/09/09 07:30,2.82,0,3.6,0.85,1.25,26.38,19.07,100,13324,637.85,9.85,98.2,0,90.8,9.48,94.5,0,35
2026/09/09 07:40,2.82,0,3.6,0.85,1.25,28.05,30.7,100,13328,637.85,9.86,98.2,0,90.8,9.48,94.5,0,35
2026/09/09 07:50,2.82,0,3.6,0.85,1.25,26.35,38.19,100,13338,637.86,9.86,98.2,0,90.8,9.48,94.5,0,35
2026/09/09 08:00,2.82,0,3.59,0.85,1.25,26.33,37.6,100,13344,637.87,9.86,98.2,0,90.8,9.48,94.5,0,35
2026/09/09 08:10,2.81,-0.01,3.6,0.84,1.25,28,79.1,100,13359,637.88,9.85,98.2,0,90.8,9.48,94.5,0,35
2026/09/09 08:20,2.81,0,3.59,0.84,1.25,26.32,69.56,100,13359,637.88,9.86,98.2,0,90.8,9.47,94.6,0,35
2026/09/09 08:30,2.81,0,3.59,0.84,1.24,26.32,52.3,100,13359,637.88,9.86,98.2,0,90.8,9.47,94.6,0,35
2026/09/09 08:40,2.81,0,3.6,0.84,1.24,27.99,41.04,100,13369,637.89,9.86,98.2,0,90.8,9.47,94.6,0,35
2026/09/09 08:50,2.81,0,3.58,0.84,1.24,26.32,32.67,100,13369,637.89,9.85,98.2,0,90.8,9.47,94.7,1,36
2026/09/09 09:00,2.81,0,3.57,0.84,1.24,26.31,33.37,100,13379,637.9,9.86,98.2,0,90.8,9.47,94.7,1,37
2026/09/09 09:10,2.81,0,3.58,0.84,1.24,27.99,32.75,100,13379,637.9,9.86,98.1,0,90.8,9.47,94.7,1,38
2026/09/09 09:20,2.81,0,3.58,0.84,1.24,26.31,32.63,100,13379,637.9,9.85,98.1,0,90.8,9.47,94.8,1,39
2026/09/09 09:30,2.81,0,3.58,0.84,1.25,27.98,33.21,100,13389,637.91,9.86,98.1,0,90.8,9.47,94.8,1,40
2026/09/09 09:40,2.82,0.01,3.59,0.84,1.25,26.31,32.74,100,13389,637.91,9.86,98.1,0,90.8,9.47,94.8,0,40
2026/09/09 09:50,2.82,0,3.58,0.84,1.25,26.31,32.59,100,13389,637.91,9.86,98.1,0,90.8,9.47,94.9,0,40
2026/09/09 10:00,2.81,-0.01,3.59,0.84,1.25,26.31,31.53,100,13389,637.91,9.85,98.1,0,90.8,9.47,94.9,0,40
2026/09/09 10:10,2.82,0.01,3.59,0.84,1.26,26.3,29.18,100,13399,637.92,9.86,98.1,0,90.7,9.47,94.9,0,40
2026/09/09 10:20,2.82,0,3.59,0.84,1.26,26.3,32.51,100,13399,637.92,9.85,98.1,0,90.8,9.46,94.9,0,40
2026/09/09 10:30,2.82,0,3.59,0.84,1.26,26.3,32.52,100,13399,637.92,9.89,98.1,0,90.8,9.46,94.9,0,40
2026/09/09 10:40,2.82,0,3.59,0.84,1.26,26.3,33.76,100,13414,637.93,0,98.1,0,90.8,10.01,94.9,0,40
2026/09/09 10:50,2.82,0,3.6,0.84,1.26,26.3,32.8,100,13414,637.93,0,98.1,0,90.8,10.01,94.9,0,40
2026/09/09 11:00,2.82,0,3.59,0.84,1.26,26.3,32.8,100,13414,637.93,0,98.2,0,90.8,10.01,95,0,40
2026/09/09 11:10,2.83,0.01,3.59,0.84,1.26,11.98,27.61,100,13414,637.93,0,98.2,0,90.8,10.01,95,0,40
2026/09/09 11:20,2.83,0,3.59,0.85,1.26,11.83,20.36,100,13414,637.93,0,98.2,0,90.8,10.01,95,0,40
2026/09/09 11:30,2.83,0,3.58,0.85,1.26,11.98,15.34,100,13414,637.93,0,98.2,0,90.8,10.01,95.1,0,40
2026/09/09 11:40,2.83,0,3.58,0.85,1.26,11.98,12.09,100,13414,637.93,0,98.2,0,90.8,10.01,95.1,0,40
2026/09/09 11:50,2.83,0,3.58,0.85,1.26,11.97,13.09,100,13424,637.94,0,98.2,0,90.9,10.01,95.1,0,40
2026/09/09 12:00,2.83,0,3.58,0.85,1.25,11.97,17.57,100,13424,637.94,0,98.2,0,90.9,10.01,95.1,0,40
2026/09/09 12:10,2.82,-0.01,3.57,0.85,1.25,11.83,17.56,100,13424,637.94,0,98.2,0,90.9,10,95.1,0,40
2026/09/09 12:20,2.8,-0.02,3.55,0.85,1.25,11.83,16.42,100,13424,637.94,0,98.2,0,90.9,10,95.1,0,40
2026/09/09 12:30,2.78,-0.02,3.54,0.85,1.25,11.83,11.91,100,13424,637.94,0,98.2,0,90.9,10,95.2,0,40
2026/09/09 12:40,2.76,-0.02,3.52,0.85,1.25,11.83,11.88,100,13424,637.94,0,98.2,0,90.9,10,95.2,0,40
2026/09/09 12:50,2.75,-0.01,3.5,0.85,1.25,11.83,11.88,100,13424,637.94,0,98.2,0,90.9,10,95.2,0,40
2026/09/09 13:00,2.74,-0.01,3.5,0.85,1.25,11.97,6.08,100,13414,637.93,0,98.2,0,90.9,10,95.2,0,40
2026/09/09 13:10,2.73,-0.01,3.48,0.85,1.25,11.97,-20.54,100,13419,637.93,0,98.2,0,90.9,10,95.2,0,40
2026/09/09 13:20,2.75,0.02,3.47,0.85,1.25,11.97,-4.86,100,13424,637.94,0,98.2,0,91,10,95.3,0,40
2026/09/09 13:30,2.74,-0.01,3.47,0.85,1.25,11.96,11.78,100,13435,637.95,0,98.3,0,91,10,95.3,0,40
2026/09/09 13:40,2.74,0,3.45,0.85,1.25,11.96,17.1,100,13430,637.94,0,98.3,0,91,10,95.3,0,40
2026/09/09 13:50,2.75,0.01,3.43,0.84,1.25,11.96,16.41,100,13435,637.95,0,98.3,0,91,10,95.4,0,40
2026/09/09 14:00,2.74,-0.01,3.41,0.84,1.25,11.81,15.32,100,13445,637.96,0,98.3,0,91,10,95.4,0,40
2026/09/09 14:10,2.75,0.01,3.38,0.84,1.25,11.95,15.93,100,13440,637.95,0,98.3,0,91,10,95.4,0,40
2026/09/09 14:20,2.74,-0.01,3.37,0.84,1.25,11.8,11.01,100,13450,637.96,0,98.3,0,91,10,95.4,0,40
2026/09/09 14:30,2.75,0.01,3.36,0.84,1.25,11.8,-14.34,100,13446,637.96,0,98.3,0,91,10,95.4,0,40
2026/09/09 14:40,2.74,-0.01,3.35,0.84,1.25,11.93,-4.27,100,13451,637.96,0,98.3,0,91.1,10,95.4,0,40
2026/09/09 14:50,2.74,0,3.34,0.84,1.24,11.93,2.76,100,13442,637.96,0,98.3,0,91.1,10,95.4,0,40
2026/09/09 15:00,2.74,0,3.33,0.84,1.24,11.92,11.32,100,13452,637.96,0,98.3,0,91.1,10,95.4,0,40
2026/09/09 15:10,2.74,0,3.33,0.84,1.23,11.91,52.7,100,13468,637.98,0,98.3,0,91.1,10,95.5,0,40
2026/09/09 15:20,2.74,0,3.31,0.84,1.23,11.91,54.78,100,13479,637.99,0,98.3,0,91.1,10,95.5,0,40
2026/09/09 15:30,2.73,-0.01,3.29,0.84,1.23,11.9,42.09,100,13479,637.99,0,98.3,0,91.1,10,95.5,1,41
2026/09/09 15:40,2.73,0,3.28,0.83,1.23,12.05,28.48,100,13485,637.99,0,98.3,0,91.2,10,95.6,0,41
2026/09/09 15:50,2.72,-0.01,3.28,0.84,1.23,11.9,16.84,100,13481,637.99,0,98.4,0,91.2,10,95.6,0,41
2026/09/09 16:00,2.72,0,3.27,0.84,1.22,0,14.46,100,13487,638,0,98.4,0,91.2,10,95.6,0,41
2026/09/09 16:10,2.72,0,3.25,0.83,1.22,0,10.88,100,13498,638.01,0,98.4,0,91.2,10,95.6,0,41
2026/09/09 16:20,2.71,-0.01,3.22,0.83,1.22,0,9.75,100,13504,638.01,0,98.4,0,91.2,10,95.6,0,41
2026/09/09 16:30,2.71,0,3.21,0.83,1.22,0,8.67,100,13510,638.02,0,98.4,0,91.2,10,95.7,0,41
2026/09/09 16:40,2.7,-0.01,3.21,0.83,1.22,0,11.54,100,13516,638.02,0,98.4,0,91.2,10,95.7,0,41
2026/09/09 16:50,2.7,0,3.21,0.83,1.22,0,13.81,100,13537,638.04,0,98.4,0,91.2,9.99,95.8,0,41
2026/09/09 17:00,2.7,0,3.24,0.83,1.22,0,54.86,100,13538,638.04,0,98.4,0,91.3,9.99,95.8,0,41
2026/09/09 17:10,2.7,0,3.25,0.83,1.22,0,49.77,100,13558,638.06,0,98.4,0,91.3,9.99,95.8,0,41
2026/09/09 17:20,2.69,-0.01,3.25,0.83,1.21,0,34.5,100,13568,638.06,0,98.4,0,91.3,9.99,95.8,0,41
2026/09/09 17:30,2.69,0,3.23,0.82,1.22,0,21.49,100,13568,638.06,0,98.4,0,91.3,9.99,95.8,0,41
2026/09/09 17:40,2.69,0,3.2,0.82,1.22,0,12.44,100,13578,638.07,0,98.4,0,91.3,9.99,95.9,1,42
2026/09/09 17:50,2.7,0.01,3.17,0.82,1.22,0,11.31,100,13589,638.08,0,98.5,0,91.4,9.99,95.9,2,44
2026/09/09 18:00,2.71,0.01,3.14,0.82,1.22,0,11.31,100,13594,638.09,0,98.5,0,91.4,9.99,95.9,1,45
2026/09/09 18:10,2.72,0.01,3.11,0.82,1.23,0,11.88,100,13604,638.09,0,98.5,0,91.4,9.99,96,0,45
2026/09/09 18:20,2.73,0.01,3.1,0.83,1.24,0,12.44,100,13614,638.1,0,98.5,0,91.4,9.99,96,2,47
2026/09/09 18:30,2.74,0.01,3.07,0.83,1.24,0,11.88,100,13624,638.11,0,98.5,0,91.5,9.99,96,0,47
2026/09/09 18:40,2.75,0.01,3.03,0.82,1.25,0,11.88,100,13624,638.11,0,98.5,0,91.5,9.99,96,1,48
2026/09/09 18:50,2.76,0.01,3.04,0.83,1.25,0,13.01,100,13634,638.12,0,98.5,0,91.5,9.99,96.1,1,49
2026/09/09 19:00,2.77,0.01,3.07,0.83,1.26,4.74,13.02,100,13644,638.13,0,98.5,0,91.6,9.99,96.1,0,49
2026/09/09 19:10,2.8,0.03,3.09,0.83,1.26,4.74,12.34,100,13644,638.13,0,98.5,0,91.6,9.99,96.2,1,50
2026/09/09 19:20,2.82,0.02,3.1,0.83,1.27,4.76,15.05,100,13655,638.14,0,98.5,0,91.6,9.99,96.2,1,51
2026/09/09 19:30,2.87,0.05,3.1,0.83,1.28,4.76,16.06,100,13665,638.14,0,98.6,0,91.6,9.99,96.2,1,52
2026/09/09 19:40,2.92,0.05,3.09,0.84,1.28,4.98,17.2,100,13680,638.16,0,98.6,0,91.6,9.99,96.3,1,53
2026/09/09 19:50,2.95,0.03,3.08,0.84,1.29,9.85,16.6,100,13680,638.16,0,98.6,0,91.7,9.99,96.4,1,54
2026/09/09 20:00,2.98,0.03,3.08,0.85,1.29,9.93,19.95,100,13690,638.17,0,98.6,0,91.7,9.98,96.4,0,54
2026/09/09 20:10,3,0.02,3.09,0.85,1.3,9.93,18.83,100,13690,638.17,0,98.6,0,91.7,9.98,96.5,0,54
2026/09/09 20:20,3,0,3.11,0.86,1.3,17.95,18.78,100,13700,638.17,0,98.6,0,91.7,9.98,96.6,0,54
2026/09/09 20:30,3,0,3.12,0.86,1.31,17.95,20.32,100,13700,638.17,0,98.6,0,91.8,9.98,96.7,0,54
2026/09/09 20:40,3.02,0.02,3.21,0.86,1.31,17.95,21.85,100,13700,638.17,0,98.7,0,91.8,9.98,96.8,0,54
2026/09/09 20:50,3.03,0.01,3.29,0.87,1.31,24.49,22.26,100,13700,638.17,0,98.7,0,91.8,10.01,96.9,0,54
2026/09/09 21:00,3.04,0.01,3.33,0.87,1.31,25.86,21.19,100,13700,638.17,0,98.7,0,91.9,9.98,97,1,55
2026/09/09 21:10,3.04,0,3.36,0.87,1.31,24.5,20.13,100,13690,638.17,0,98.7,0,91.9,10,97.1,0,55
2026/09/09 21:20,3.05,0.01,3.38,0.88,1.31,24.5,19.07,100,13690,638.17,0,98.7,0,91.9,9.97,97.2,0,55
2026/09/09 21:30,3.06,0.01,3.4,0.88,1.31,24.5,17.95,100,13680,638.16,0,98.7,0,92,10.07,97.3,0,55
2026/09/09 21:40,3.05,-0.01,3.49,0.88,1.31,24.5,16.78,100,13680,638.16,0,98.8,0,92,10.17,97.4,0,55
2026/09/09 21:50,3.05,0,3.49,0.88,1.31,24.5,19.12,100,13685,638.16,0,98.8,0,92,10.22,97.5,0,55
2026/09/09 22:00,3.04,-0.01,3.51,0.88,1.31,24.5,16.29,100,13675,638.15,0,98.8,0,92.1,10.26,97.5,0,55
2026/09/09 22:10,3.02,-0.02,3.51,0.88,1.31,24.5,19.11,100,13675,638.15,0,98.8,0,92.1,10.34,97.7,0,55
2026/09/09 22:20,3.01,-0.01,3.53,0.88,1.31,24.51,16.85,100,13664,638.14,0,98.8,0,92.1,10.43,97.7,0,55
2026/09/09 22:30,2.99,-0.02,3.55,0.88,1.31,25.88,17.45,100,13664,638.14,0,98.8,0,92.1,10.41,97.8,0,55
2026/09/09 22:40,2.97,-0.02,3.61,0.88,1.3,24.51,17.49,100,13654,638.14,0,98.8,0,92.1,10.51,97.9,0,55
2026/09/09 22:50,2.96,-0.01,3.6,0.87,1.3,25.88,15.73,100,13654,638.14,0,98.9,0,92.1,10.55,97.9,0,55
2026/09/09 23:00,2.95,-0.01,3.6,0.87,1.3,24.52,16.84,100,13644,638.13,0,98.9,0,92.2,10.6,98,0,55
2026/09/09 23:10,2.93,-0.02,3.59,0.87,1.3,24.52,15.11,100,13644,638.13,0,98.9,0,92.2,10.65,98.1,0,55
2026/09/09 23:20,2.92,-0.01,3.58,0.87,1.3,24.52,15.71,100,13634,638.12,0,98.9,0,92.2,10.69,98.1,0,55
2026/09/09 23:30,2.91,-0.01,3.58,0.87,1.29,24.52,15.67,100,13634,638.12,1.48,98.9,0,92.3,10.74,98.2,0,55
2026/09/09 23:40,2.9,-0.01,3.57,0.87,1.29,24.52,13.4,100,13624,638.11,3.31,98.9,0,92.3,10.79,98.3,0,55
2026/09/09 23:50,2.88,-0.02,3.56,0.86,1.29,25.9,14.52,100,13614,638.1,5.23,98.9,0,92.3,10.79,98.3,0,55
2026/09/10 00:00,2.86,-0.02,3.55,0.87,1.3,24.53,15.02,100,13614,638.1,7.15,98.9,0,92.3,10.84,98.3,0,55
2026/09/10 00:10,2.86,0,3.55,0.86,1.31,24.54,28.46,100,13618,638.11,9.09,98.9,0,92.4,10.84,98.3,0,55
2026/09/10 00:20,2.84,-0.02,3.54,0.86,1.31,24.55,31.89,100,13617,638.1,9.9,98.9,0,92.4,10.87,98.4,0,55
2026/09/10 00:30,2.84,0,3.52,0.86,1.34,24.56,30.85,100,13596,638.09,9.9,98.9,0,92.4,10.94,98.5,0,55
2026/09/10 00:40,2.83,-0.01,3.53,0.86,1.36,24.58,18.58,100,13595,638.09,9.89,98.9,0,92.4,10.92,98.5,0,55
2026/09/10 00:50,2.82,-0.01,3.52,0.86,1.38,24.59,12.89,100,13578,638.07,9.9,98.9,0,92.5,10.99,98.5,0,55
2026/09/10 01:00,2.82,0,3.51,0.86,1.38,24.61,10.63,100,13567,638.06,9.9,98.9,0,92.5,10.97,98.5,0,55
2026/09/10 01:10,2.81,-0.01,3.51,0.85,1.38,24.62,10.09,100,13556,638.05,9.9,98.9,0,92.5,11.05,98.6,0,55
2026/09/10 01:20,2.8,-0.01,3.51,0.85,1.39,24.64,8.38,100,13545,638.05,9.9,98.9,0,92.5,11.13,98.7,0,55
2026/09/10 01:30,2.8,0,3.51,0.86,1.39,24.65,7.82,100,13529,638.03,9.89,98.9,0,92.5,11.13,98.7,0,55
2026/09/10 01:40,2.79,-0.01,3.51,0.85,1.39,24.67,7.71,100,13514,638.02,9.89,98.9,0,92.5,11.15,98.7,0,55
2026/09/10 01:50,2.79,0,3.5,0.85,1.39,24.69,7.72,100,13503,638.01,9.89,98.9,0,92.6,11.18,98.7,0,55
2026/09/10 02:00,2.79,0,3.5,0.85,1.39,24.7,7.71,100,13498,638.01,9.9,98.9,0,92.6,11.2,98.8,0,55
2026/09/10 02:10,2.78,-0.01,3.49,0.85,1.4,24.71,8.3,100,13482,637.99,9.9,98.9,0,92.6,11.23,98.8,0,55
2026/09/10 02:20,2.79,0.01,3.49,0.85,1.4,24.73,11.62,100,13477,637.99,9.89,98.9,0,92.6,11.29,98.9,0,55
2026/09/10 02:30,2.78,-0.01,3.49,0.86,1.4,24.74,15.87,100,13466,637.98,9.9,98.9,0,92.7,11.26,98.9,0,55
2026/09/10 02:40,2.77,-0.01,3.49,0.86,1.4,24.76,12.66,100,13461,637.97,9.9,98.9,0,92.7,11.34,98.9,0,55
2026/09/10 02:50,2.77,0,3.48,0.86,1.4,24.77,11.54,100,13445,637.96,9.9,98.9,0,92.7,11.31,98.9,0,55
2026/09/10 03:00,2.77,0,3.47,0.86,1.4,24.78,13.84,100,13435,637.95,9.89,98.9,0,92.7,11.37,99,0,55
2026/09/10 03:10,2.76,-0.01,3.48,0.86,1.41,24.8,13.43,100,13430,637.94,9.89,98.9,0,92.7,11.4,99,0,55
2026/09/10 03:20,2.76,0,3.47,0.86,1.41,24.81,15.84,100,13415,637.93,9.9,98.9,0,92.7,11.42,99.1,0,55
2026/09/10 03:30,2.75,-0.01,3.47,0.86,1.41,24.82,17.68,100,13415,637.93,9.89,98.9,0,92.7,11.44,99.1,0,55
2026/09/10 03:40,2.76,0.01,3.46,0.86,1.41,24.84,19.37,100,13409,637.93,9.89,98.9,0,92.8,11.44,99.1,0,55
2026/09/10 03:50,2.76,0,3.46,0.86,1.42,24.85,18.19,100,13404,637.92,9.9,98.9,0,92.8,11.5,99.1,0,55
2026/09/10 04:00,2.75,-0.01,3.46,0.86,1.42,24.86,15.88,100,13389,637.91,9.89,98.9,0,92.8,11.5,99.1,0,55
2026/09/10 04:10,2.75,0,3.46,0.86,1.42,24.88,15.88,100,13384,637.9,9.9,98.9,0,92.8,11.5,99.1,0,55
2026/09/10 04:20,2.75,0,3.45,0.86,1.42,24.89,15.94,100,13379,637.9,9.9,98.9,0,92.8,11.55,99.2,0,55
2026/09/10 04:30,2.75,0,3.46,0.86,1.42,24.91,14.32,100,13364,637.88,9.9,98.9,0,92.8,11.55,99.2,0,55
2026/09/10 04:40,2.75,0,3.45,0.86,1.42,24.92,14.31,100,13359,637.88,9.9,98.9,0,92.8,11.55,99.2,0,55
2026/09/10 04:50,2.77,0.02,3.44,0.86,1.43,24.93,13.65,100,13344,637.87,9.89,98.9,0,92.8,11.61,99.3,0,55
2026/09/10 05:00,2.76,-0.01,3.46,0.86,1.42,24.95,15.83,100,13335,637.86,9.89,98.9,0,92.8,11.61,99.3,0,55
2026/09/10 05:10,2.75,-0.01,3.45,0.86,1.43,24.96,13.46,100,13320,637.85,9.9,98.9,0,92.8,11.61,99.3,0,55
2026/09/10 05:20,2.75,0,3.45,0.86,1.43,24.97,13.48,100,13316,637.84,9.89,98.9,0,92.8,11.67,99.3,0,55
2026/09/10 05:30,2.79,0.04,3.47,0.86,1.43,24.99,13.4,100,13312,637.84,9.9,98.9,0,92.8,11.67,99.3,0,55
2026/09/10 05:40,2.8,0.01,3.49,0.86,1.43,23.86,17.45,100,13297,637.82,9.9,98.9,0,92.8,11.67,99.3,0,55
2026/09/10 05:50,2.79,-0.01,3.49,0.86,1.43,23.86,18.49,100,13297,637.82,9.89,98.9,0,92.8,11.67,99.3,0,55
2026/09/10 06:00,2.78,-0.01,3.52,0.86,1.43,25,16.67,100,13281,637.81,9.9,98.9,0,92.9,11.74,99.4,0,55
2026/09/10 06:10,2.77,-0.01,3.54,0.86,1.43,25,17.31,100,13281,637.81,9.9,98.9,0,92.9,11.74,99.4,0,55
2026/09/10 06:20,2.77,0,3.54,0.86,1.43,25,15.94,100,13276,637.81,9.9,98.9,0,92.9,11.74,99.4,0,55
2026/09/10 06:30,2.77,0,3.54,0.86,1.44,25,18.76,100,13276,637.81,9.89,98.9,0,92.9,11.74,99.4,0,55
2026/09/10 06:40,2.77,0,3.54,0.86,1.43,25.01,16.02,100,13266,637.8,9.9,98.9,0,92.9,11.82,99.5,0,55
2026/09/10 06:50,2.77,0,3.54,0.86,1.43,23.87,17.17,100,13266,637.8,9.9,98.9,0,92.9,11.82,99.5,0,55
2026/09/10 07:00,2.76,-0.01,3.56,0.86,1.43,25.01,13.75,100,13256,637.79,9.89,98.9,0,92.9,11.82,99.5,0,55
2026/09/10 07:10,2.76,0,3.55,0.86,1.44,25.01,17.12,100,13256,637.79,9.9,98.9,0,92.9,11.82,99.5,0,55
2026/09/10 07:20,2.76,0,3.55,0.86,1.43,25.02,15.94,100,13246,637.78,9.89,98.9,0,92.9,11.89,99.5,0,55
2026/09/10 07:30,2.76,0,3.54,0.86,1.44,25.02,19.36,100,13246,637.78,9.9,98.9,0,92.9,11.89,99.5,0,55
2026/09/10 07:40,2.76,0,3.54,0.86,1.44,25.02,13.67,100,13236,637.77,9.9,98.9,0,93,11.89,99.5,0,55
2026/09/10 07:50,2.76,0,3.54,0.86,1.44,25.02,17.03,100,13236,637.77,9.89,98.9,0,93,11.89,99.5,0,55
2026/09/10 08:00,2.76,0,3.54,0.86,1.44,23.89,15.3,100,13226,637.76,9.89,98.9,0,93,11.97,99.6,0,55
2026/09/10 08:10,2.75,-0.01,3.54,0.86,1.44,23.89,22.42,100,13221,637.76,9.9,98.9,0,93,11.97,99.6,0,55
2026/09/10 08:20,2.75,0,3.54,0.86,1.44,25.04,25.27,100,13217,637.75,9.9,98.9,0,93,11.97,99.6,0,55
2026/09/10 08:30,2.75,0,3.54,0.86,1.44,23.91,26.39,100,13207,637.74,9.9,98.9,0,93,11.97,99.6,0,55
2026/09/10 08:40,0,0,3.54,0.86,1.44,25.07,20.28,100,13193,637.73,9.9,98.9,0,93,11.97,99.6,0,0
2026/09/10 08:50,0,0,3.53,0.86,1.44,0,0,0,0,0,9.9,98.9,0,93,12.04,99.7,0,0
2026/09/10 09:00,0,0,3.53,0.86,1.44,0,0,0,0,0,9.88,98.9,0,93,12.04,99.7,0,0
2026/09/10 09:10,0,0,3.53,0.86,1.44,0,0,0,0,0,7.39,98.9,0,93,12.01,99.7,0,0
2026/09/10 09:20,0,0,3.53,0.86,1.44,0,0,0,0,0,7.39,98.9,0,93,12.04,99.7,0,0
2026/09/10 09:30,0,0,3.53,0.86,1.44,0,0,0,0,0,7.4,98.9,0,93,12.04,99.7,0,0
2026/09/10 09:40,0,0,3.52,0.86,1.44,0,0,0,0,0,7.4,98.9,0,93,12.1,99.7,0,0
2026/09/10 09:50,0,0,3.53,0.86,1.45,0,0,0,0,0,7.39,98.9,0,93,12.1,99.7,0,0
2026/09/10 10:00,0,0,3.52,0.86,1.45,0,0,0,0,0,7.39,98.9,0,93.1,12.1,99.7,0,0
2026/09/10 10:10,0,0,3.52,0.86,1.45,0,0,0,0,0,7.4,98.9,0,93.1,12.1,99.7,0,0
2026/09/10 10:20,0,0,3.52,0.86,1.44,0,0,0,0,0,7.4,98.9,0,93.1,12.1,99.7,0,0
2026/09/10 10:30,0,0,3.52,0.86,1.44,0,0,0,0,0,7.4,98.9,0,93.1,12.18,99.8,0,0
2026/09/10 10:40,0,0,3.51,0.86,1.45,0,0,0,0,0,7.39,98.9,0,93.1,12.18,99.8,0,0
2026/09/10 10:50,0,0,3.51,0.86,1.45,0,0,0,0,0,7.41,98.9,0,93.1,12.18,99.8,0,0
2026/09/10 11:00,0,0,3.51,0.86,1.45,0,0,0,0,0,7.41,98.9,0,93.1,12.18,99.8,0,0
2026/09/10 11:10,0,0,3.51,0.86,1.45,0,0,0,0,0,7.41,98.9,0,93.1,12.18,99.8,0,0
2026/09/10 11:20,0,0,3.51,0.86,1.45,0,0,0,0,0,7.41,98.9,0,93.1,12.18,99.8,0,0
2026/09/10 11:30,0,0,3.51,0.86,1.45,0,0,0,0,0,7.41,98.9,0,93.1,12.18,99.8,0,0
2026/09/10 11:40,0,0,3.51,0.86,1.45,0,0,0,0,0,7.41,98.9,0,93.1,12.25,99.9,0,0
2026/09/10 11:50,0,0,3.51,0.87,1.45,0,0,0,0,0,7.41,98.9,0,93.1,12.25,99.9,0,0
2026/09/10 12:00,0,0,3.51,0.86,1.45,0,0,0,0,0,7.41,98.9,0,93.1,12.25,99.9,0,0
2026/09/10 12:10,0,0,3.51,0.86,1.45,0,0,0,0,0,7.41,98.9,0,93.1,12.25,99.9,0,0
2026/09/10 12:20,0,0,3.51,0.86,1.45,0,0,0,0,0,7.41,98.9,0,93.1,12.25,99.9,0,0
2026/09/10 12:30,0,0,3.51,0.86,1.45,0,0,0,0,0,7.41,98.9,0,93.1,12.25,99.9,0,0
2026/09/10 12:40,0,0,3.51,0.86,1.45,0,0,0,0,0,7.41,98.9,0,93.2,12.25,99.9,0,0
2026/09/10 12:50,0,0,3.5,0.86,1.45,0,0,0,0,0,7.41,98.9,0,93.2,12.25,99.9,0,0
2026/09/10 13:00,0,0,3.49,0.86,1.46,0,0,0,0,0,7.42,98.9,0,93.2,12.25,99.9,0,0
2026/09/10 13:10,0,0,3.49,0.86,1.46,0,0,0,0,0,7.41,98.9,0,93.2,12.25,99.9,0,0
2026/09/10 13:20,0,0,3.5,0.86,1.45,0,0,0,0,0,7.41,98.9,0,93.2,12.25,99.9,0,0
2026/09/10 13:30,0,0,3.5,0.86,1.46,0,0,0,0,0,7.41,98.9,0,93.2,12.25,99.9,0,0
2026/09/10 13:40,0,0,3.49,0.86,1.45,0,0,0,0,0,7.41,98.9,0,93.2,12.33,99.9,0,0
2026/09/10 13:50,0,0,3.5,0.86,1.46,0,0,0,0,0,7.41,98.9,0,93.2,12.33,99.9,0,0
2026/09/10 14:00,0,0,3.49,0.86,1.45,0,0,0,0,0,7.41,98.9,0,93.2,12.33,99.9,0,0
2026/09/10 14:10,0,0,3.49,0.86,1.46,0,0,0,0,0,7.43,98.9,0,93.2,12.33,99.9,0,0
2026/09/10 14:20,0,0,3.49,0.86,1.46,0,0,0,0,0,7.43,98.9,0,93.2,12.33,99.9,0,0
2026/09/10 14:30,0,0,3.49,0.86,1.45,0,0,0,0,0,7.43,98.9,0,93.2,12.33,99.9,0,0
2026/09/10 14:40,0,0,3.49,0.86,1.46,0,0,0,0,0,7.43,98.9,0,93.2,12.33,99.9,0,0
2026/09/10 14:50,0,0,3.49,0.86,1.46,0,0,0,0,0,7.43,98.9,0,93.2,12.33,99.9,0,0
2026/09/10 15:00,0,0,3.49,0.86,1.45,0,0,0,0,0,7.43,98.9,0,93.2,12.33,99.9,0,0
2026/09/10 15:10,0,0,3.49,0.86,1.45,0,0,0,0,0,7.43,98.9,0,93.2,12.33,99.9,0,0
2026/09/10 15:20,0,0,3.49,0.86,1.46,0,0,0,0,0,7.44,98.9,0,93.2,12.33,99.9,0,0
2026/09/10 15:30,0,0,3.48,0.86,1.46,0,0,0,0,0,7.43,98.9,0,93.2,12.33,99.9,0,0
2026/09/10 15:40,0,0,3.49,0.86,1.46,0,0,0,0,0,7.44,98.9,0,93.2,12.33,99.9,0,0
2026/09/10 15:50,0,0,3.49,0.86,1.45,0,0,0,0,0,7.44,98.9,0,93.2,12.33,99.9,0,0
2026/09/10 16:00,0,0,3.49,0.86,1.45,0,0,0,0,0,7.43,98.9,0,93.2,12.33,99.9,0,0
2026/09/10 16:10,0,0,3.48,0.86,1.45,0,0,0,0,0,5.88,98.9,0,93.2,12.33,99.9,0,0
2026/09/10 16:20,0,0,3.49,0.86,1.45,0,0,0,0,0,5.9,98.9,0,93.2,12.33,99.9,0,0
2026/09/10 16:30,0,0,3.49,0.86,1.45,0,0,0,0,0,5.9,98.9,0,93.2,12.33,99.9,0,0
2026/09/10 16:40,0,0,3.49,0.85,1.45,0,0,0,0,0,5.9,98.9,0,93.2,12.33,99.9,0,0
2026/09/10 16:50,0,0,3.49,0.86,1.45,0,0,0,0,0,5.89,98.9,0,93.2,12.33,99.9,0,0
2026/09/10 17:00,0,0,3.49,0.85,1.45,0,0,0,0,0,5.9,98.9,0,93.3,12.33,99.9,0,0
2026/09/10 17:10,2.7,0,3.48,0.85,1.45,25.09,23.96,100,12977,637.53,5.9,98.9,0,93.3,12.33,99.9,0,0
2026/09/10 17:20,2.7,0,3.48,0.85,1.45,25.08,22.67,100,12971,637.53,5.9,98.9,0,93.2,12.33,99.9,0,0
2026/09/10 17:30,2.7,0,3.48,0.85,1.45,25.08,23.7,100,12970,637.53,5.9,98.9,0,93.2,12.33,99.9,0,0
2026/09/10 17:40,2.7,0,3.48,0.85,1.45,25.06,23.15,100,12975,637.53,5.9,98.9,0,93.2,12.33,99.9,0,0
2026/09/10 17:50,2.69,-0.01,3.47,0.85,1.45,25.06,23.38,100,12975,637.53,5.9,98.9,0,93.2,12.33,99.9,0,0
2026/09/10 18:00,2.69,0,3.48,0.85,1.45,25.04,23.59,100,12980,637.54,5.9,98.9,0,93.2,12.33,99.9,0,0
2026/09/10 18:10,2.69,0,3.48,0.85,1.45,25.04,23.56,100,12980,637.54,5.9,98.9,0,93.3,12.33,99.9,0,0
2026/09/10 18:20,2.69,0,3.47,0.85,1.45,25.03,24.13,100,12975,637.53,5.9,98.9,0,93.3,12.33,99.9,0,0
2026/09/10 18:30,2.69,0,3.47,0.85,1.45,25.02,24.18,100,12986,637.54,5.9,98.9,0,93.3,12.33,99.9,0,0
2026/09/10 18:40,2.69,0,3.47,0.85,1.45,25.01,22.69,100,12981,637.54,5.91,98.9,0,93.3,12.33,99.9,0,0
2026/09/10 18:50,2.69,0,3.47,0.85,1.45,24.99,23.82,100,12991,637.55,5.9,98.9,0,93.2,12.33,99.9,0,0
2026/09/10 19:00,2.69,0,3.47,0.85,1.45,24.99,23.4,100,12986,637.54,5.91,98.9,0,93.3,12.33,99.9,0,0
2026/09/10 19:10,2.69,0,3.47,0.85,1.45,24.98,23.35,100,12981,637.54,5.9,98.9,0,93.3,12.33,99.9,0,0
2026/09/10 19:20,2.68,-0.01,3.47,0.85,1.45,24.97,63.07,100,12986,637.54,5.9,98.9,0,93.3,12.33,99.9,0,0
2026/09/10 19:30,2.68,0,3.48,0.85,1.45,24.97,54.09,100,12986,637.54,5.9,98.9,0,93.3,12.33,99.9,0,0
2026/09/10 19:40,2.68,0,3.47,0.85,1.45,24.97,41.22,100,12986,637.54,5.91,98.9,0,93.3,12.33,99.9,0,0
2026/09/10 19:50,2.68,0,3.48,0.85,1.45,24.97,28.91,100,12986,637.54,5.9,98.9,0,93.3,12.33,99.9,0,0
2026/09/10 20:00,2.68,0,3.46,0.85,1.44,24.97,19.92,100,12976,637.53,5.9,98.9,0,93.3,12.33,99.9,0,0
2026/09/10 20:10,2.68,0,3.46,0.85,1.44,24.97,19.36,100,12976,637.53,5.91,98.9,0,93.3,12.33,99.9,0,0
2026/09/10 20:20,2.68,0,3.47,0.84,1.44,24.98,17.12,100,12966,637.52,5.91,98.9,0,93.3,12.33,99.9,0,0
2026/09/10 20:30,2.68,0,3.46,0.84,1.44,24.98,18.81,100,12966,637.52,5.92,98.9,0,93.3,12.33,99.9,0,0
2026/09/10 20:40,2.68,0,3.47,0.84,1.44,24.98,19.34,100,12966,637.52,5.92,98.9,0,93.3,12.33,99.9,0,0
2026/09/10 20:50,2.67,-0.01,3.46,0.84,1.44,24.98,15.97,100,12956,637.51,5.92,98.9,0,93.3,12.33,99.9,0,0
2026/09/10 21:00,2.67,0,3.46,0.84,1.44,24.99,17.66,100,12946,637.51,5.92,98.9,0,93.3,12.33,99.9,0,0
2026/09/10 21:10,2.67,0,3.47,0.84,1.44,24.99,13.73,100,12946,637.51,5.92,98.9,0,93.3,12.33,99.9,0,0
2026/09/10 21:20,2.67,0,3.47,0.84,1.44,24.99,19.36,100,12946,637.51,5.92,98.9,0,93.3,12.33,99.9,0,0
2026/09/10 21:30,2.67,0,3.47,0.84,1.43,24.99,16.54,100,12935,637.5,5.92,98.9,0,93.3,12.33,99.9,0,0
2026/09/10 21:40,2.67,0,3.47,0.84,1.44,24.99,19.38,100,12935,637.5,5.92,98.9,0,93.3,12.33,99.9,0,0
2026/09/10 21:50,2.67,0,3.46,0.84,1.43,24.99,14.98,100,12925,637.49,5.91,98.9,0,93.3,12.33,99.9,0,0
2026/09/10 22:00,2.66,-0.01,3.46,0.84,1.44,24.99,18.26,100,12925,637.49,5.92,98.9,0,93.3,12.33,99.9,0,0
2026/09/10 22:10,2.66,0,3.46,0.84,1.44,23.87,15.47,100,12915,637.48,5.92,98.9,0,93.3,12.33,99.9,0,0
2026/09/10 22:20,2.66,0,3.46,0.84,1.44,25,18.22,100,12915,637.48,5.92,98.9,0,93.3,12.33,99.9,0,0
2026/09/10 22:30,2.66,0,3.46,0.84,1.44,25,15.39,100,12905,637.47,5.92,98.9,0,93.3,12.33,99.9,0,0
2026/09/10 22:40,2.66,0,3.46,0.84,1.44,25,17.63,100,12905,637.47,5.91,98.9,0,93.3,12.33,99.9,0,0
2026/09/10 22:50,2.66,0,3.46,0.83,1.44,25.01,16,100,12895,637.46,5.92,98.9,0,93.3,12.33,99.9,0,0
2026/09/10 23:00,2.66,0,3.46,0.83,1.43,25.01,17.73,100,12895,637.46,5.92,98.9,0,93.3,12.33,99.9,0,0
2026/09/10 23:10,2.66,0,3.46,0.84,1.43,25.01,14.98,100,12885,637.45,5.92,98.9,0,93.3,12.33,99.9,0,0
2026/09/10 23:20,2.65,-0.01,3.46,0.84,1.43,25.01,17.22,100,12885,637.45,5.91,98.9,0,93.3,12.33,99.9,0,0
2026/09/10 23:30,2.65,0,3.46,0.83,1.43,25.02,15.43,100,12875,637.44,5.92,98.9,0,93.3,12.33,99.9,0,0
2026/09/10 23:40,2.65,0,3.45,0.83,1.43,25.02,18.19,100,12875,637.44,5.92,98.9,0,93.3,12.33,99.9,0,0
2026/09/10 23:50,2.65,0,3.45,0.83,1.43,25.02,15.45,100,12865,637.43,5.92,98.9,0,93.3,12.33,99.9,0,0
2026/09/11 00:00,2.65,0,3.45,0.83,1.43,25.02,17.72,100,12865,637.43,5.92,98.9,0,93.3,12.33,99.9,0,0
2026/09/11 00:10,2.65,0,3.45,0.83,1.43,17.29,14.35,100,12855,637.42,4.92,98.9,0,93.3,12.33,99.9,0,0
2026/09/11 00:20,2.64,-0.01,3.45,0.83,1.43,17.29,14,100,12855,637.42,4.92,98.9,0,93.3,12.33,99.9,0,0
2026/09/11 00:30,2.64,0,3.45,0.83,1.42,16.86,13.07,100,12855,637.42,4.92,98.9,0,93.3,12.33,99.9,0,0
2026/09/11 00:40,2.64,0,3.46,0.83,1.42,17.29,17.49,100,12855,637.42,4.92,98.9,0,93.3,12.33,99.9,0,0
2026/09/11 00:50,2.64,0,3.45,0.83,1.42,17.29,21.18,100,12855,637.42,4.92,98.9,0,93.4,12.33,99.9,0,0
2026/09/11 01:00,2.64,0,3.45,0.83,1.42,17.29,22.72,100,12855,637.42,4.92,98.9,0,93.3,12.33,99.9,0,0
2026/09/11 01:10,2.64,0,3.45,0.83,1.42,17.29,24.55,100,12865,637.43,4.93,98.9,0,93.4,12.33,99.9,0,0
2026/09/11 01:20,2.64,0,3.45,0.83,1.42,17.3,29.92,100,12860,637.43,4.92,98.9,0,93.4,12.33,99.9,0,0
2026/09/11 01:30,2.63,-0.01,3.44,0.83,1.43,17.3,31.05,100,12855,637.42,4.92,98.9,0,93.4,12.33,99.9,0,0
2026/09/11 01:40,2.61,-0.02,3.44,0.83,1.42,17.31,24.43,100,12849,637.42,4.93,98.9,0,93.4,12.25,99.9,0,0
2026/09/11 01:50,2.59,-0.02,3.43,0.83,1.42,17.32,22.95,100,12854,637.42,4.93,98.9,0,93.4,12.25,99.9,0,0
2026/09/11 02:00,2.6,0.01,3.41,0.83,1.42,16.88,20.17,100,12849,637.42,4.92,98.9,0,93.4,12.25,99.9,0,0
2026/09/11 02:10,2.62,0.02,3.4,0.83,1.42,16.89,18.36,100,12844,637.41,4.92,98.9,0,93.4,12.25,99.9,0,0
2026/09/11 02:20,2.59,-0.03,3.39,0.83,1.42,16.9,15.44,100,12839,637.41,4.92,98.9,0,93.4,12.25,99.9,0,0
2026/09/11 02:30,2.58,-0.01,3.36,0.83,1.42,16.9,17.44,100,12834,637.4,4.92,98.9,0,93.4,12.25,99.9,0,0
2026/09/11 02:40,2.59,0.01,3.34,0.83,1.42,16.91,19.09,100,12829,637.4,4.92,98.9,0,93.4,12.25,99.9,0,0
2026/09/11 02:50,2.58,-0.01,3.33,0.83,1.42,17.35,19.12,100,12819,637.39,4.92,98.9,0,93.4,12.18,99.8,0,0
2026/09/11 03:00,2.57,-0.01,3.3,0.82,1.42,17.36,18.56,100,12815,637.39,4.92,98.9,0,93.4,12.18,99.8,0,0
2026/09/11 03:10,2.57,0,3.29,0.82,1.42,16.93,18.01,100,12811,637.38,4.92,98.9,0,93.4,12.18,99.8,0,0
2026/09/11 03:20,2.58,0.01,3.28,0.82,1.42,16.93,18.56,100,12816,637.39,4.92,98.9,0,93.4,12.18,99.8,0,0
2026/09/11 03:30,2.57,-0.01,3.26,0.82,1.41,16.94,16.37,100,12812,637.38,4.92,98.9,0,93.4,12.18,99.8,0,0
2026/09/11 03:40,2.57,0,3.25,0.82,1.41,16.94,15.97,100,12803,637.38,4.92,98.9,0,93.4,12.18,99.8,0,0
2026/09/11 03:50,2.56,-0.01,3.24,0.82,1.41,16.94,18.54,100,12803,637.38,4.92,98.9,0,93.4,12.1,99.7,0,0
2026/09/11 04:00,2.56,0,3.23,0.82,1.41,16.94,19.13,100,12803,637.38,4.92,98.9,0,93.4,12.1,99.7,0,0
2026/09/11 04:10,2.57,0.01,3.22,0.82,1.41,16.94,19.53,100,12803,637.38,4.92,98.9,0,93.5,12.1,99.7,0,0
2026/09/11 04:20,2.57,0,3.21,0.82,1.4,16.94,16.97,100,12803,637.38,4.93,98.9,0,93.5,12.1,99.7,1,1
2026/09/11 04:30,2.57,0,3.22,0.82,1.4,16.94,16.97,100,12803,637.38,4.92,98.9,0,93.5,12.1,99.7,0,1
2026/09/11 04:40,2.57,0,3.21,0.82,1.41,16.94,16.99,100,12803,637.38,4.92,98.9,0,93.5,12.1,99.7,0,1
2026/09/11 04:50,2.57,0,3.21,0.82,1.41,16.94,16.99,100,12803,637.38,4.92,98.9,0,93.5,12.1,99.7,1,2
2026/09/11 05:00,2.58,0.01,3.18,0.82,1.41,17.38,16.98,100,12803,637.38,4.92,98.9,0,93.5,12.03,99.7,0,2
2026/09/11 05:10,2.58,0,3.16,0.82,1.4,16.94,22.5,100,12813,637.38,4.93,98.9,0,93.5,12.04,99.7,0,2
2026/09/11 05:20,2.57,-0.01,3.16,0.82,1.4,16.94,22.5,100,12813,637.38,4.92,98.9,0,93.5,12.04,99.7,0,2
2026/09/11 05:30,2.57,0,3.16,0.82,1.41,16.94,22.51,100,12813,637.38,4.92,98.9,0,93.5,12.04,99.7,1,3
2026/09/11 05:40,2.58,0.01,3.16,0.83,1.4,16.94,16.99,100,12813,637.38,4.92,98.9,0,93.5,12.04,99.7,0,3
2026/09/11 05:50,2.58,0,3.17,0.82,1.4,16.94,16.99,100,12813,637.38,4.92,98.9,0,93.5,12.04,99.7,0,3
2026/09/11 06:00,2.58,0,3.17,0.83,1.4,16.94,19.19,100,12823,637.39,4.92,98.9,0,93.5,12.04,99.7,0,3
2026/09/11 06:10,2.57,-0.01,3.17,0.83,1.4,16.94,22.51,100,12823,637.39,4.92,98.9,0,93.6,12.04,99.7,0,3
2026/09/11 06:20,2.57,0,3.17,0.83,1.4,17.38,22.61,100,12823,637.39,4.93,98.9,0,93.6,12.04,99.7,0,3
2026/09/11 06:30,2.58,0.01,3.19,0.83,1.4,16.94,20.32,100,12823,637.39,4.92,98.9,0,93.6,12.04,99.7,0,3
2026/09/11 06:40,2.58,0,3.22,0.83,1.4,16.94,17.01,100,12823,637.39,4.92,98.9,0,93.6,12.04,99.7,0,3
2026/09/11 06:50,2.58,0,3.23,0.83,1.4,16.94,17.01,100,12823,637.39,4.92,98.9,0,93.6,12.04,99.7,0,3
2026/09/11 07:00,2.58,0,3.22,0.83,1.4,16.94,20.88,100,12833,637.4,4.92,98.9,0,93.6,11.97,99.6,1,4
2026/09/11 07:10,2.58,0,3.2,0.83,1.4,16.94,22.54,100,12833,637.4,4.92,98.9,0,93.6,11.97,99.6,0,4
2026/09/11 07:20,2.59,0.01,3.18,0.83,1.4,16.94,22.54,100,12833,637.4,4.92,98.9,0,93.6,11.97,99.6,0,4
2026/09/11 07:30,2.59,0,3.17,0.83,1.4,16.94,18.65,100,12833,637.4,4.92,98.9,0,93.6,11.97,99.6,0,4
2026/09/11 07:40,2.59,0,3.17,0.83,1.4,16.94,16.98,100,12833,637.4,4.93,98.9,0,93.6,11.97,99.6,0,4
2026/09/11 07:50,2.59,0,3.17,0.83,1.4,16.94,16.99,100,12833,637.4,4.92,98.9,0,93.6,11.97,99.6,0,4
2026/09/11 08:00,2.59,0,3.17,0.83,1.4,16.93,17.57,100,12843,637.41,4.92,98.9,0,93.6,11.97,99.6,1,5
2026/09/11 08:10,2.59,0,3.18,0.83,1.4,16.93,22.72,100,12843,637.41,4.92,98.9,0,93.6,11.97,99.6,0,5
2026/09/11 08:20,2.59,0,3.17,0.83,1.4,16.93,22.6,100,12843,637.41,4.92,98.9,0,93.6,11.97,99.6,0,5
2026/09/11 08:30,2.58,-0.01,3.18,0.83,1.39,17.37,22.14,100,12843,637.41,4.92,98.9,0,93.6,11.97,99.6,0,5
2026/09/11 08:40,2.58,0,3.18,0.83,1.4,16.93,17,100,12843,637.41,4.93,98.9,0,93.6,11.97,99.6,0,5
2026/09/11 08:50,2.58,0,3.2,0.83,1.4,16.93,17.09,100,12843,637.41,4.92,98.9,0,93.7,11.89,99.5,0,5
2026/09/11 09:00,2.59,0.01,3.22,0.83,1.4,16.93,19.24,100,12853,637.42,4.92,98.9,0,93.7,11.89,99.5,0,5
2026/09/11 09:10,0,0,3.23,0.83,1.39,17.37,22.59,100,12853,637.42,4.92,98.9,0,93.7,11.89,99.5,0,5
2026/09/11 09:20,0,0,3.22,0.83,1.39,16.93,22.6,100,12858,637.43,4.92,98.9,0,93.7,11.89,99.5,1,6
2026/09/11 09:30,0,0,3.2,0.83,1.4,16.93,20.37,100,12858,637.43,4.92,98.9,0,93.7,11.89,99.5,0,6
2026/09/11 09:40,0,0,3.18,0.83,1.39,16.93,17.02,100,12858,637.43,4.92,98.9,0,93.7,11.89,99.5,0,6
2026/09/11 09:50,0,0,3.18,0.83,1.39,16.93,16.99,100,12858,637.43,4.92,98.9,0,93.7,11.82,99.5,0,6
2026/09/11 10:00,0,0,3.18,0.83,1.39,16.93,21.49,100,12868,637.43,4.92,98.9,0,93.7,11.82,99.5,0,6
2026/09/11 10:10,0,0,3.17,0.83,1.39,16.93,22.59,100,12868,637.43,4.92,98.9,0,93.7,11.82,99.5,0,6
2026/09/11 10:20,0,0,,0.83,1.39,17.37,22.59,100,12868,637.43,4.92,98.9,0,93.7,11.82,99.5,0,6
